idna_subject,checker_type,destination,source,tested_at,session_id
00capital0neservice.000webhostapp.com,AVAILABILITY,domains.list,domains.list,2021-03-26 11:25:24.595930,e7f90e91d64338f591ab0ee0
0ec97c88.000webhostapp.com,AVAILABILITY,domains.list,domains.list,2021-03-26 11:25:25.128040,e7f90e91d64338f591ab0ee0
0f1dc77bd4.000webhostapp.com,AVAILABILITY,domains.list,domains.list,2021-03-26 11:25:25.575694,e7f90e91d64338f591ab0ee0
0ff.bz,AVAILABILITY,domains.list,domains.list,2021-03-26 11:25:26.374244,e7f90e91d64338f591ab0ee0
00game.net,AVAILABILITY,domains.list,domains.list,2021-03-26 11:25:26.583813,e7f90e91d64338f591ab0ee0
0jaqkuc24kdjvpgdc8va.littlematchagirl.com.au,AVAILABILITY,domains.list,domains.list,2021-03-26 11:25:27.331700,e7f90e91d64338f591ab0ee0
0jaqkuc24kdjvpgdc8va.maherstcottage.com.au,AVAILABILITY,domains.list,domains.list,2021-03-26 11:25:28.470715,e7f90e91d64338f591ab0ee0
000lk3v.wcomhost.com,AVAILABILITY,domains.list,domains.list,2021-03-26 11:25:28.829862,e7f90e91d64338f591ab0ee0
000lkub.rcomhost.com,AVAILABILITY,domains.list,domains.list,2021-03-26 11:25:29.081649,e7f90e91d64338f591ab0ee0
000ll4q.rcomhost.com,AVAILABILITY,domains.list,domains.list,2021-03-26 11:25:29.414463,e7f90e91d64338f591ab0ee0
000lp59.wcomhost.com,AVAILABILITY,domains.list,domains.list,2021-03-26 11:25:29.747404,e7f90e91d64338f591ab0ee0
000m9w3.wcomhost.com,AVAILABILITY,domains.list,domains.list,2021-03-26 11:25:30.185213,e7f90e91d64338f591ab0ee0
000macu.wcomhost.com,AVAILABILITY,domains.list,domains.list,2021-03-26 11:25:30.501551,e7f90e91d64338f591ab0ee0
0000mps.webpreview.dsl.net,AVAILABILITY,domains.list,domains.list,2021-03-26 11:25:31.707983,e7f90e91d64338f591ab0ee0
0myetherwallet.com,AVAILABILITY,domains.list,domains.list,2021-03-26 11:25:32.026975,e7f90e91d64338f591ab0ee0
0nline.23welsfargo39.com.al4all.co.za,AVAILABILITY,domains.list,domains.list,2021-03-26 11:25:32.909388,e7f90e91d64338f591ab0ee0
0range-espaceclient.particuliersw2.fr,AVAILABILITY,domains.list,domains.list,2021-03-26 11:25:39.083282,e7f90e91d64338f591ab0ee0
0rvcr9ahvnueb4f1la4u.littlematchagirl.com.au,AVAILABILITY,domains.list,domains.list,2021-03-26 11:25:39.678872,e7f90e91d64338f591ab0ee0
0tzg4irsuabvucpvw937.littlematchagirl.com.au,AVAILABILITY,domains.list,domains.list,2021-03-26 11:25:40.198092,e7f90e91d64338f591ab0ee0
0tzg4irsuabvucpvw937.maherstcottage.com.au,AVAILABILITY,domains.list,domains.list,2021-03-26 11:25:41.290548,e7f90e91d64338f591ab0ee0
0utl00kmaintenanc2018.editor.multiscreensite.com,AVAILABILITY,domains.list,domains.list,2021-03-26 11:25:41.531176,e7f90e91d64338f591ab0ee0
0vm4hjvug772wnv8kuzj.cedricchenevert.com,AVAILABILITY,domains.list,domains.list,2021-03-26 11:25:41.939592,e7f90e91d64338f591ab0ee0
0vm4hjvug772wnv8kuzj.mbservicesyorkshire.co.uk,AVAILABILITY,domains.list,domains.list,2021-03-26 11:25:42.468525,e7f90e91d64338f591ab0ee0
0wa2018webportalupdate.editor.multiscreensite.com,AVAILABILITY,domains.list,domains.list,2021-03-26 11:25:42.730430,e7f90e91d64338f591ab0ee0
0zrnafy0cm1cqvg3g6ey.littlematchagirl.com.au,AVAILABILITY,domains.list,domains.list,2021-03-26 11:25:43.124291,e7f90e91d64338f591ab0ee0
0001.2waky.com,AVAILABILITY,domains.list,domains.list,2021-03-26 11:25:43.457314,e7f90e91d64338f591ab0ee0
1a-consultants.com,AVAILABILITY,domains.list,domains.list,2021-03-26 11:25:43.669045,e7f90e91d64338f591ab0ee0
1admalrop4da2ft.babicovydobroty-recepty.info,AVAILABILITY,domains.list,domains.list,2021-03-26 11:25:44.137515,e7f90e91d64338f591ab0ee0
1ambu11.com,AVAILABILITY,domains.list,domains.list,2021-03-26 11:25:44.641774,e7f90e91d64338f591ab0ee0
1a-teensbilder.de,AVAILABILITY,domains.list,domains.list,2021-03-26 11:25:45.861187,e7f90e91d64338f591ab0ee0
1b.yt,AVAILABILITY,domains.list,domains.list,2021-03-26 11:25:46.616075,e7f90e91d64338f591ab0ee0
1bancanetbanamex-ingreso.com,AVAILABILITY,domains.list,domains.list,2021-03-26 11:25:47.022913,e7f90e91d64338f591ab0ee0
1bkeldneetdiq5vkcfax.littlematchagirl.com.au,AVAILABILITY,domains.list,domains.list,2021-03-26 11:25:47.459342,e7f90e91d64338f591ab0ee0
1bkeldneetdiq5vkcfax.maherstcottage.com.au,AVAILABILITY,domains.list,domains.list,2021-03-26 11:25:48.751396,e7f90e91d64338f591ab0ee0
1bm0-verified-identity8910.com,AVAILABILITY,domains.list,domains.list,2021-03-26 11:25:49.154478,e7f90e91d64338f591ab0ee0
01bvxp4ze2.bradul.creatory.org,AVAILABILITY,domains.list,domains.list,2021-03-26 11:25:49.924260,e7f90e91d64338f591ab0ee0
1c.42it.ru,AVAILABILITY,domains.list,domains.list,2021-03-26 11:25:50.802306,e7f90e91d64338f591ab0ee0
01cn.net,AVAILABILITY,domains.list,domains.list,2021-03-26 11:25:51.017724,e7f90e91d64338f591ab0ee0
1enkk.online,AVAILABILITY,domains.list,domains.list,2021-03-26 11:25:52.029483,e7f90e91d64338f591ab0ee0
1fwjpdwguvqs.com,AVAILABILITY,domains.list,domains.list,2021-03-26 11:25:52.241562,e7f90e91d64338f591ab0ee0
1gwipnivneyqhuqsweag.glamxpress.co.uk,AVAILABILITY,domains.list,domains.list,2021-03-26 11:25:52.669833,e7f90e91d64338f591ab0ee0
1htm2zxuex.gn9r4iifch.madpendesign.com.au,AVAILABILITY,domains.list,domains.list,2021-03-26 11:25:54.229968,e7f90e91d64338f591ab0ee0
1ibpz7namvc8194z9hkj37ali.designmysite.pro,AVAILABILITY,domains.list,domains.list,2021-03-26 11:25:54.655863,e7f90e91d64338f591ab0ee0
1jd482s14huqj2i9ssjx20v8jw.com,AVAILABILITY,domains.list,domains.list,2021-03-26 11:25:54.900871,e7f90e91d64338f591ab0ee0
1lastcut.com,AVAILABILITY,domains.list,domains.list,2021-03-26 11:25:55.118404,e7f90e91d64338f591ab0ee0
1limited-account.cf,AVAILABILITY,domains.list,domains.list,2021-03-26 11:26:02.198577,e7f90e91d64338f591ab0ee0
01lm.com,AVAILABILITY,domains.list,domains.list,2021-03-26 11:26:02.412783,e7f90e91d64338f591ab0ee0
1minutelifehack.com,AVAILABILITY,domains.list,domains.list,2021-03-26 11:26:03.013328,e7f90e91d64338f591ab0ee0
1myetherwallet.com,AVAILABILITY,domains.list,domains.list,2021-03-26 11:26:03.610531,e7f90e91d64338f591ab0ee0
1-myetherwallet.com,AVAILABILITY,domains.list,domains.list,2021-03-26 11:26:04.080384,e7f90e91d64338f591ab0ee0
1-myetherwallet.info,AVAILABILITY,domains.list,domains.list,2021-03-26 11:26:04.730984,e7f90e91d64338f591ab0ee0
1myetherwallet.info,AVAILABILITY,domains.list,domains.list,2021-03-26 11:26:05.407386,e7f90e91d64338f591ab0ee0
1myetherwallet.net,AVAILABILITY,domains.list,domains.list,2021-03-26 11:26:05.884958,e7f90e91d64338f591ab0ee0
1nojavan.com,AVAILABILITY,domains.list,domains.list,2021-03-26 11:26:06.101727,e7f90e91d64338f591ab0ee0
1nv0ic3r3plyn0wp4ym3nts3cur3.t-l-z-s-m.net,AVAILABILITY,domains.list,domains.list,2021-03-26 11:26:06.505308,e7f90e91d64338f591ab0ee0
1pl38.com,AVAILABILITY,domains.list,domains.list,2021-03-26 11:26:06.814746,e7f90e91d64338f591ab0ee0
1pu1.com,AVAILABILITY,domains.list,domains.list,2021-03-26 11:26:07.034297,e7f90e91d64338f591ab0ee0
1royalbank-clientsupport.com,AVAILABILITY,domains.list,domains.list,2021-03-26 11:26:07.536207,e7f90e91d64338f591ab0ee0
1royalrbcmonitoring-service.com,AVAILABILITY,domains.list,domains.list,2021-03-26 11:26:08.052164,e7f90e91d64338f591ab0ee0
1royalrbcmonitoringservice.com,AVAILABILITY,domains.list,domains.list,2021-03-26 11:26:08.607101,e7f90e91d64338f591ab0ee0
1saintanddier15-registrosj.com,AVAILABILITY,domains.list,domains.list,2021-03-26 11:26:09.083411,e7f90e91d64338f591ab0ee0
1scologin-online.com,AVAILABILITY,domains.list,domains.list,2021-03-26 11:26:09.503958,e7f90e91d64338f591ab0ee0
1scotia-verifications.com,AVAILABILITY,domains.list,domains.list,2021-03-26 11:26:09.968870,e7f90e91d64338f591ab0ee0
1securitybmo.com,AVAILABILITY,domains.list,domains.list,2021-03-26 11:26:10.527330,e7f90e91d64338f591ab0ee0
1smart.nu,AVAILABILITY,domains.list,domains.list,2021-03-26 11:26:11.124949,e7f90e91d64338f591ab0ee0
1stand2ndmortgage.com,AVAILABILITY,domains.list,domains.list,2021-03-26 11:26:11.345340,e7f90e91d64338f591ab0ee0
001wen.com,AVAILABILITY,domains.list,domains.list,2021-03-26 11:26:11.560372,e7f90e91d64338f591ab0ee0
1xboum.top,AVAILABILITY,domains.list,domains.list,2021-03-26 11:26:13.570937,e7f90e91d64338f591ab0ee0
1xbtih.top,AVAILABILITY,domains.list,domains.list,2021-03-26 11:26:14.026797,e7f90e91d64338f591ab0ee0
1xbujq.top,AVAILABILITY,domains.list,domains.list,2021-03-26 11:26:15.974689,e7f90e91d64338f591ab0ee0
1xbvdq.top,AVAILABILITY,domains.list,domains.list,2021-03-26 11:26:21.677671,e7f90e91d64338f591ab0ee0
1xcge.top,AVAILABILITY,domains.list,domains.list,2021-03-26 11:26:23.368658,e7f90e91d64338f591ab0ee0
1xcuq.top,AVAILABILITY,domains.list,domains.list,2021-03-26 11:26:24.468409,e7f90e91d64338f591ab0ee0
1xdqz.top,AVAILABILITY,domains.list,domains.list,2021-03-26 11:26:24.948154,e7f90e91d64338f591ab0ee0
1xgbu.top,AVAILABILITY,domains.list,domains.list,2021-03-26 11:26:26.353197,e7f90e91d64338f591ab0ee0
1xgoz.top,AVAILABILITY,domains.list,domains.list,2021-03-26 11:26:26.567785,e7f90e91d64338f591ab0ee0
1xgya.top,AVAILABILITY,domains.list,domains.list,2021-03-26 11:26:28.222475,e7f90e91d64338f591ab0ee0
1xirsp15.com,AVAILABILITY,domains.list,domains.list,2021-03-26 11:26:28.440960,e7f90e91d64338f591ab0ee0
1xirsp17.com,AVAILABILITY,domains.list,domains.list,2021-03-26 11:26:28.690097,e7f90e91d64338f591ab0ee0
1xntg.top,AVAILABILITY,domains.list,domains.list,2021-03-26 11:26:30.550235,e7f90e91d64338f591ab0ee0
1xpwq.top,AVAILABILITY,domains.list,domains.list,2021-03-26 11:26:31.042622,e7f90e91d64338f591ab0ee0
1xqib.top,AVAILABILITY,domains.list,domains.list,2021-03-26 11:26:32.438323,e7f90e91d64338f591ab0ee0
1xqnc.top,AVAILABILITY,domains.list,domains.list,2021-03-26 11:26:32.895228,e7f90e91d64338f591ab0ee0
1xvoh.top,AVAILABILITY,domains.list,domains.list,2021-03-26 11:26:33.357170,e7f90e91d64338f591ab0ee0
1xycg.top,AVAILABILITY,domains.list,domains.list,2021-03-26 11:26:34.602235,e7f90e91d64338f591ab0ee0
1y614plpluk2lelfkn67.mbservicesyorkshire.co.uk,AVAILABILITY,domains.list,domains.list,2021-03-26 11:26:35.393955,e7f90e91d64338f591ab0ee0
1yyju.com,AVAILABILITY,domains.list,domains.list,2021-03-26 11:26:35.620154,e7f90e91d64338f591ab0ee0
2bai8wb5d6.kenstewardministries.org,AVAILABILITY,domains.list,domains.list,2021-03-26 11:26:36.467534,e7f90e91d64338f591ab0ee0
2-bit.net.ru,AVAILABILITY,domains.list,domains.list,2021-03-26 11:26:39.220292,e7f90e91d64338f591ab0ee0
2bits.org.ru,AVAILABILITY,domains.list,domains.list,2021-03-26 11:26:41.633706,e7f90e91d64338f591ab0ee0
2ciiz5gja8.bradul.creatory.org,AVAILABILITY,domains.list,domains.list,2021-03-26 11:26:42.264311,e7f90e91d64338f591ab0ee0
2dehands-verificatie.be,AVAILABILITY,domains.list,domains.list,2021-03-26 11:26:43.192012,e7f90e91d64338f591ab0ee0
2df455.petprince-vn.com,AVAILABILITY,domains.list,domains.list,2021-03-26 11:26:43.575909,e7f90e91d64338f591ab0ee0
2e22e99ot9oofkkkf.000webhostapp.com,AVAILABILITY,domains.list,domains.list,2021-03-26 11:26:44.104366,e7f90e91d64338f591ab0ee0
2m398bu923-rv-read.com,AVAILABILITY,domains.list,domains.list,2021-03-26 11:26:44.721656,e7f90e91d64338f591ab0ee0
2mbmrdgm42.melpn4fc5q.madpendesign.com.au,AVAILABILITY,domains.list,domains.list,2021-03-26 11:26:47.125633,e7f90e91d64338f591ab0ee0
2nv-acc.online,AVAILABILITY,domains.list,domains.list,2021-03-26 11:26:47.877589,e7f90e91d64338f591ab0ee0
2online-activation.net,AVAILABILITY,domains.list,domains.list,2021-03-26 11:26:48.344083,e7f90e91d64338f591ab0ee0
2putra.id,AVAILABILITY,domains.list,domains.list,2021-03-26 11:26:49.632936,e7f90e91d64338f591ab0ee0
2sitb9fxrg.vonrvsrkg1.madpendesign.com.au,AVAILABILITY,domains.list,domains.list,2021-03-26 11:26:52.166021,e7f90e91d64338f591ab0ee0
2sm9qki8hgyizog8uoj1.maherstcottage.com.au,AVAILABILITY,domains.list,domains.list,2021-03-26 11:26:52.834317,e7f90e91d64338f591ab0ee0
2tifbwssedhalasalntd.maherstcottage.com.au,AVAILABILITY,domains.list,domains.list,2021-03-26 11:26:53.830827,e7f90e91d64338f591ab0ee0
2way-world.com,AVAILABILITY,domains.list,domains.list,2021-03-26 11:26:54.084566,e7f90e91d64338f591ab0ee0
2wmfu0kq8z.7inoehna03.madpendesign.com.au,AVAILABILITY,domains.list,domains.list,2021-03-26 11:26:58.413393,e7f90e91d64338f591ab0ee0
02zps9iimwo9gukluvz8.littlematchagirl.com.au,AVAILABILITY,domains.list,domains.list,2021-03-26 11:26:58.953125,e7f90e91d64338f591ab0ee0
02zps9iimwo9gukluvz8.maherstcottage.com.au,AVAILABILITY,domains.list,domains.list,2021-03-26 11:27:00.126075,e7f90e91d64338f591ab0ee0
3.aqa.rs,AVAILABILITY,domains.list,domains.list,2021-03-26 11:27:00.483500,e7f90e91d64338f591ab0ee0
3a5xghpiqvcgkushdv0p.businessrulesanalysis.com,AVAILABILITY,domains.list,domains.list,2021-03-26 11:27:01.336819,e7f90e91d64338f591ab0ee0
3b7tkkfdaa9p95dks9y3.glamxpress.co.uk,AVAILABILITY,domains.list,domains.list,2021-03-26 11:27:02.162652,e7f90e91d64338f591ab0ee0
3bc321e6.ngrok.io,AVAILABILITY,domains.list,domains.list,2021-03-26 11:27:02.656481,e7f90e91d64338f591ab0ee0
3ddental.co.in,AVAILABILITY,domains.list,domains.list,2021-03-26 11:27:02.874973,e7f90e91d64338f591ab0ee0
3ddoedowzv.kvksangrur.com,AVAILABILITY,domains.list,domains.list,2021-03-26 11:27:03.593469,e7f90e91d64338f591ab0ee0
3dmv.net,AVAILABILITY,domains.list,domains.list,2021-03-26 11:27:03.809755,e7f90e91d64338f591ab0ee0
3dproducts.com.ec,AVAILABILITY,domains.list,domains.list,2021-03-26 11:27:09.577425,e7f90e91d64338f591ab0ee0
3dpsys.com,AVAILABILITY,domains.list,domains.list,2021-03-26 11:27:09.832890,e7f90e91d64338f591ab0ee0
3dsvc.com.br,AVAILABILITY,domains.list,domains.list,2021-03-26 11:27:11.111014,e7f90e91d64338f591ab0ee0
3d-tour.kz,AVAILABILITY,domains.list,domains.list,2021-03-26 11:27:12.627895,e7f90e91d64338f591ab0ee0
3dyorking.com,AVAILABILITY,domains.list,domains.list,2021-03-26 11:27:13.166270,e7f90e91d64338f591ab0ee0
3e3ex8zr4.cnrdn.com,AVAILABILITY,domains.list,domains.list,2021-03-26 11:27:15.620328,e7f90e91d64338f591ab0ee0
3j5h64le0b.cywhxygctk.madpendesign.com.au,AVAILABILITY,domains.list,domains.list,2021-03-26 11:27:18.933878,e7f90e91d64338f591ab0ee0
3liennaak6.djc2tvnzza.madpendesign.com.au,AVAILABILITY,domains.list,domains.list,2021-03-26 11:27:21.998921,e7f90e91d64338f591ab0ee0
3mcot5epaf9fsphdeehn.littlematchagirl.com.au,AVAILABILITY,domains.list,domains.list,2021-03-26 11:27:22.618465,e7f90e91d64338f591ab0ee0
3mj8enkhutnhei5y0yls.littlematchagirl.com.au,AVAILABILITY,domains.list,domains.list,2021-03-26 11:27:23.137057,e7f90e91d64338f591ab0ee0
3p4tvbi8wv.bradul.creatory.org,AVAILABILITY,domains.list,domains.list,2021-03-26 11:27:23.765141,e7f90e91d64338f591ab0ee0
3p4tvbi8wv.ivertiipolska.com.pl,AVAILABILITY,domains.list,domains.list,2021-03-26 11:27:25.298664,e7f90e91d64338f591ab0ee0
3simple-clics.com,AVAILABILITY,domains.list,domains.list,2021-03-26 11:27:25.844370,e7f90e91d64338f591ab0ee0
3sixtyventure.com,AVAILABILITY,domains.list,domains.list,2021-03-26 11:27:26.352606,e7f90e91d64338f591ab0ee0
3uhm9egl.myutilitydomain.com,AVAILABILITY,domains.list,domains.list,2021-03-26 11:27:27.124506,e7f90e91d64338f591ab0ee0
3xstuff.com,AVAILABILITY,domains.list,domains.list,2021-03-26 11:27:27.390004,e7f90e91d64338f591ab0ee0
3years.lethanon.net,AVAILABILITY,domains.list,domains.list,2021-03-26 11:27:27.677639,e7f90e91d64338f591ab0ee0
4analytics.ws,AVAILABILITY,domains.list,domains.list,2021-03-26 11:27:27.895808,e7f90e91d64338f591ab0ee0
4anfm.com,AVAILABILITY,domains.list,domains.list,2021-03-26 11:27:28.377320,e7f90e91d64338f591ab0ee0
4axiz.com,AVAILABILITY,domains.list,domains.list,2021-03-26 11:27:28.596476,e7f90e91d64338f591ab0ee0
4bfhd.com,AVAILABILITY,domains.list,domains.list,2021-03-26 11:27:29.039408,e7f90e91d64338f591ab0ee0
4chan-tube.on.nimp.org,AVAILABILITY,domains.list,domains.list,2021-03-26 11:27:30.140238,e7f90e91d64338f591ab0ee0
4chd.com,AVAILABILITY,domains.list,domains.list,2021-03-26 11:27:30.361490,e7f90e91d64338f591ab0ee0
4dgroup.ru,AVAILABILITY,domains.list,domains.list,2021-03-26 11:27:30.915679,e7f90e91d64338f591ab0ee0
4energy.es,AVAILABILITY,domains.list,domains.list,2021-03-26 11:27:31.401578,e7f90e91d64338f591ab0ee0
4gwebsite.co.uk,AVAILABILITY,domains.list,domains.list,2021-03-26 11:27:31.616046,e7f90e91d64338f591ab0ee0
4jfkc.com,AVAILABILITY,domains.list,domains.list,2021-03-26 11:27:32.148543,e7f90e91d64338f591ab0ee0
4millbrookroad.ga,AVAILABILITY,domains.list,domains.list,2021-03-26 11:27:34.179865,e7f90e91d64338f591ab0ee0
4smh81aovv.szxmiiulyf.madpendesign.com.au,AVAILABILITY,domains.list,domains.list,2021-03-26 11:27:36.161340,e7f90e91d64338f591ab0ee0
4squareisb.com,AVAILABILITY,domains.list,domains.list,2021-03-26 11:27:36.737008,e7f90e91d64338f591ab0ee0
4stablestick.fr,AVAILABILITY,domains.list,domains.list,2021-03-26 11:27:37.244239,e7f90e91d64338f591ab0ee0
4vikingdrive.ml,AVAILABILITY,domains.list,domains.list,2021-03-26 11:27:39.651685,e7f90e91d64338f591ab0ee0
4w5wihkwyhsav2ha.dreamtest.at,AVAILABILITY,domains.list,domains.list,2021-03-26 11:27:40.194185,e7f90e91d64338f591ab0ee0
4wheelinfo.com,AVAILABILITY,domains.list,domains.list,2021-03-26 11:27:40.414531,e7f90e91d64338f591ab0ee0
4x4led.co.il,AVAILABILITY,domains.list,domains.list,2021-03-26 11:27:46.094465,e7f90e91d64338f591ab0ee0
5a8www.peoplepaxy.com,AVAILABILITY,domains.list,domains.list,2021-03-26 11:27:58.754614,e7f90e91d64338f591ab0ee0
5b272b4607a73.webredirect.org,AVAILABILITY,domains.list,domains.list,2021-03-26 11:27:59.447929,e7f90e91d64338f591ab0ee0
5bw.ru,AVAILABILITY,domains.list,domains.list,2021-03-26 11:28:01.067021,e7f90e91d64338f591ab0ee0
5continents.com,AVAILABILITY,domains.list,domains.list,2021-03-26 11:28:01.281000,e7f90e91d64338f591ab0ee0
5feataet.cf,AVAILABILITY,domains.list,domains.list,2021-03-26 11:28:07.698170,e7f90e91d64338f591ab0ee0
5okgx6mdmcpxlpigapti.littlematchagirl.com.au,AVAILABILITY,domains.list,domains.list,2021-03-26 11:28:08.125864,e7f90e91d64338f591ab0ee0
5r6htyze75.ydxcgh9hqn.madpendesign.com.au,AVAILABILITY,domains.list,domains.list,2021-03-26 11:28:10.736989,e7f90e91d64338f591ab0ee0
5ree0gse.myutilitydomain.com,AVAILABILITY,domains.list,domains.list,2021-03-26 11:28:11.009113,e7f90e91d64338f591ab0ee0
5thavenue.com.pk,AVAILABILITY,domains.list,domains.list,2021-03-26 11:28:12.487114,e7f90e91d64338f591ab0ee0
5thblock.com,AVAILABILITY,domains.list,domains.list,2021-03-26 11:28:12.705838,e7f90e91d64338f591ab0ee0
5xian8.com,AVAILABILITY,domains.list,domains.list,2021-03-26 11:28:12.920621,e7f90e91d64338f591ab0ee0
6canadian-bakn.ciclc.net.garagesailgranny.baconwrappedhotdogs.com,AVAILABILITY,domains.list,domains.list,2021-03-26 11:28:16.380686,e7f90e91d64338f591ab0ee0
6derbyshire.review,AVAILABILITY,domains.list,domains.list,2021-03-26 11:28:17.643169,e7f90e91d64338f591ab0ee0
6f54654j654654hh.cloud,AVAILABILITY,domains.list,domains.list,2021-03-26 11:28:18.238821,e7f90e91d64338f591ab0ee0
6g88slzg2rxwg2lejrbd.viomil.ro,AVAILABILITY,domains.list,domains.list,2021-03-26 11:28:19.117680,e7f90e91d64338f591ab0ee0
6gq2jtjbgnetygzgz1j1.littlematchagirl.com.au,AVAILABILITY,domains.list,domains.list,2021-03-26 11:28:19.573094,e7f90e91d64338f591ab0ee0
6gq2jtjbgnetygzgz1j1.maherstcottage.com.au,AVAILABILITY,domains.list,domains.list,2021-03-26 11:28:21.499747,e7f90e91d64338f591ab0ee0
6i7s83jk7q.kandisweets.com,AVAILABILITY,domains.list,domains.list,2021-03-26 11:28:23.051149,e7f90e91d64338f591ab0ee0
6iyn6bz9.myutilitydomain.com,AVAILABILITY,domains.list,domains.list,2021-03-26 11:28:24.376599,e7f90e91d64338f591ab0ee0
6pnfsdfm4p.ojuqcvkwwh.madpendesign.com.au,AVAILABILITY,domains.list,domains.list,2021-03-26 11:28:25.463538,e7f90e91d64338f591ab0ee0
6qbrxcchyely9xgsulhe.richambitions.co.uk,AVAILABILITY,domains.list,domains.list,2021-03-26 11:28:25.983131,e7f90e91d64338f591ab0ee0
6qhzz.allvideos.keme.info,AVAILABILITY,domains.list,domains.list,2021-03-26 11:28:27.675173,e7f90e91d64338f591ab0ee0
6ssaintandeer-servicios3n.com,AVAILABILITY,domains.list,domains.list,2021-03-26 11:28:28.193416,e7f90e91d64338f591ab0ee0
6ssaintandeer-servicios18n.com,AVAILABILITY,domains.list,domains.list,2021-03-26 11:28:28.602839,e7f90e91d64338f591ab0ee0
06works-plus.com,AVAILABILITY,domains.list,domains.list,2021-03-26 11:28:28.816502,e7f90e91d64338f591ab0ee0
6zsslsvosk.bradul.creatory.org,AVAILABILITY,domains.list,domains.list,2021-03-26 11:28:29.290914,e7f90e91d64338f591ab0ee0
7aisngyh91e-cpsess0671158385-id.tallercastillocr.com,AVAILABILITY,domains.list,domains.list,2021-03-26 11:28:29.907990,e7f90e91d64338f591ab0ee0
7aznqtusju.bradul.creatory.org,AVAILABILITY,domains.list,domains.list,2021-03-26 11:28:30.527008,e7f90e91d64338f591ab0ee0
7bluespots.com,AVAILABILITY,domains.list,domains.list,2021-03-26 11:28:30.787580,e7f90e91d64338f591ab0ee0
7consultinggroup.com,AVAILABILITY,domains.list,domains.list,2021-03-26 11:28:31.001159,e7f90e91d64338f591ab0ee0
7crehlpapi.woeppvzoyj.madpendesign.com.au,AVAILABILITY,domains.list,domains.list,2021-03-26 11:28:31.656245,e7f90e91d64338f591ab0ee0
7dyw.com,AVAILABILITY,domains.list,domains.list,2021-03-26 11:28:31.867261,e7f90e91d64338f591ab0ee0
7ehvqis3usuaj8in8rez.littlematchagirl.com.au,AVAILABILITY,domains.list,domains.list,2021-03-26 11:28:32.598803,e7f90e91d64338f591ab0ee0
07f2kuc2szyosycbteg7.littlematchagirl.com.au,AVAILABILITY,domains.list,domains.list,2021-03-26 11:28:33.290148,e7f90e91d64338f591ab0ee0
7mart2500.com,AVAILABILITY,domains.list,domains.list,2021-03-26 11:28:33.547927,e7f90e91d64338f591ab0ee0
7pay.net,AVAILABILITY,domains.list,domains.list,2021-03-26 11:28:33.807460,e7f90e91d64338f591ab0ee0
7speed.info,AVAILABILITY,domains.list,domains.list,2021-03-26 11:28:34.527772,e7f90e91d64338f591ab0ee0
7thundersentertainment.com,AVAILABILITY,domains.list,domains.list,2021-03-26 11:28:34.740854,e7f90e91d64338f591ab0ee0
7your.ga,AVAILABILITY,domains.list,domains.list,2021-03-26 11:28:36.040297,e7f90e91d64338f591ab0ee0
7yvvjhguu-b3.myjino.ru,AVAILABILITY,domains.list,domains.list,2021-03-26 11:28:38.824837,e7f90e91d64338f591ab0ee0
7zciu0exgx.cfcogommi2.madpendesign.com.au,AVAILABILITY,domains.list,domains.list,2021-03-26 11:28:40.582271,e7f90e91d64338f591ab0ee0
8cbd.com,AVAILABILITY,domains.list,domains.list,2021-03-26 11:28:40.797186,e7f90e91d64338f591ab0ee0
8milestechnologies.com,AVAILABILITY,domains.list,domains.list,2021-03-26 11:28:41.011326,e7f90e91d64338f591ab0ee0
8nhfjevdflfdgiyqsuu6.mbservicesyorkshire.co.uk,AVAILABILITY,domains.list,domains.list,2021-03-26 11:28:41.552848,e7f90e91d64338f591ab0ee0
8pyy.com,AVAILABILITY,domains.list,domains.list,2021-03-26 11:28:41.815328,e7f90e91d64338f591ab0ee0
8shnyu9zrfgzgglwe9ed.littlematchagirl.com.au,AVAILABILITY,domains.list,domains.list,2021-03-26 11:28:42.545325,e7f90e91d64338f591ab0ee0
9ambgkopn1xawlzj7um8.maherstcottage.com.au,AVAILABILITY,domains.list,domains.list,2021-03-26 11:28:44.640596,e7f90e91d64338f591ab0ee0
9bc0jymdlmwrsb0oam8h.littlematchagirl.com.au,AVAILABILITY,domains.list,domains.list,2021-03-26 11:28:45.136859,e7f90e91d64338f591ab0ee0
9bec3c58e789e71439086f7af8b0d195.org,AVAILABILITY,domains.list,domains.list,2021-03-26 11:28:45.829095,e7f90e91d64338f591ab0ee0
9bsemeihgubtuhdwqlt1.bosch-web-marketing.co.uk,AVAILABILITY,domains.list,domains.list,2021-03-26 11:28:46.221124,e7f90e91d64338f591ab0ee0
9c0zypxf.myutilitydomain.com,AVAILABILITY,domains.list,domains.list,2021-03-26 11:28:46.489899,e7f90e91d64338f591ab0ee0
9en.esses.ml,AVAILABILITY,domains.list,domains.list,2021-03-26 11:28:47.952240,e7f90e91d64338f591ab0ee0
9fj33n3dhe.oqymzk4u5z.madpendesign.com.au,AVAILABILITY,domains.list,domains.list,2021-03-26 11:28:49.469417,e7f90e91d64338f591ab0ee0
9nlblwte8sgt4bm3dcny.maherstcottage.com.au,AVAILABILITY,domains.list,domains.list,2021-03-26 11:28:50.261463,e7f90e91d64338f591ab0ee0
9oxigfyv1n.bradul.creatory.org,AVAILABILITY,domains.list,domains.list,2021-03-26 11:28:50.786697,e7f90e91d64338f591ab0ee0
9pynxcohuls1qj8rkws5.businessrulesanalysis.com,AVAILABILITY,domains.list,domains.list,2021-03-26 11:28:52.110032,e7f90e91d64338f591ab0ee0
9qwavrdjxnnvwtxywikj.littlematchagirl.com.au,AVAILABILITY,domains.list,domains.list,2021-03-26 11:28:52.599071,e7f90e91d64338f591ab0ee0
9rbk.com,AVAILABILITY,domains.list,domains.list,2021-03-26 11:28:52.812656,e7f90e91d64338f591ab0ee0
9rojo.com.mx,AVAILABILITY,domains.list,domains.list,2021-03-26 11:28:54.152103,e7f90e91d64338f591ab0ee0
9skpaunhpfwohojcznz5.littlematchagirl.com.au,AVAILABILITY,domains.list,domains.list,2021-03-26 11:28:54.672817,e7f90e91d64338f591ab0ee0
9stoneinvestments.com,AVAILABILITY,domains.list,domains.list,2021-03-26 11:28:54.940374,e7f90e91d64338f591ab0ee0
9uj292836745.000webhostapp.com,AVAILABILITY,domains.list,domains.list,2021-03-26 11:28:55.659989,e7f90e91d64338f591ab0ee0
9ytuml1cj7dvp1940w9fpa0s9w.com,AVAILABILITY,domains.list,domains.list,2021-03-26 11:28:55.916239,e7f90e91d64338f591ab0ee0
09zyy.com,AVAILABILITY,domains.list,domains.list,2021-03-26 11:28:56.181067,e7f90e91d64338f591ab0ee0
10eurosbonheur.org,AVAILABILITY,domains.list,domains.list,2021-03-26 11:28:56.899499,e7f90e91d64338f591ab0ee0
10g.com.tr,AVAILABILITY,domains.list,domains.list,2021-03-26 11:28:58.267870,e7f90e91d64338f591ab0ee0
12account12.tk,AVAILABILITY,domains.list,domains.list,2021-03-26 11:29:00.613690,e7f90e91d64338f591ab0ee0
12-limited.cf,AVAILABILITY,domains.list,domains.list,2021-03-26 11:29:07.164101,e7f90e91d64338f591ab0ee0
12login12.gq,AVAILABILITY,domains.list,domains.list,2021-03-26 11:29:09.439984,e7f90e91d64338f591ab0ee0
12zz.myjino.ru,AVAILABILITY,domains.list,domains.list,2021-03-26 11:29:11.448393,e7f90e91d64338f591ab0ee0
14.chehov.edugov.kz,AVAILABILITY,domains.list,domains.list,2021-03-26 11:29:12.766918,e7f90e91d64338f591ab0ee0
14bb52zfzi.h81yxqatzf.madpendesign.com.au,AVAILABILITY,domains.list,domains.list,2021-03-26 11:29:14.946865,e7f90e91d64338f591ab0ee0
14czda0-system.esy.es,AVAILABILITY,domains.list,domains.list,2021-03-26 11:29:16.462268,e7f90e91d64338f591ab0ee0
14h.pw,AVAILABILITY,domains.list,domains.list,2021-03-26 11:29:17.535882,e7f90e91d64338f591ab0ee0
16games.it,AVAILABILITY,domains.list,domains.list,2021-03-26 11:29:18.140029,e7f90e91d64338f591ab0ee0
17i8.org,AVAILABILITY,domains.list,domains.list,2021-03-26 11:29:18.353298,e7f90e91d64338f591ab0ee0
17so.so,AVAILABILITY,domains.list,domains.list,2021-03-26 11:29:19.912754,e7f90e91d64338f591ab0ee0
18cum.com,AVAILABILITY,domains.list,domains.list,2021-03-26 11:29:20.239860,e7f90e91d64338f591ab0ee0
18dd.net,AVAILABILITY,domains.list,domains.list,2021-03-26 11:29:20.808780,e7f90e91d64338f591ab0ee0
19degrees.org,AVAILABILITY,domains.list,domains.list,2021-03-26 11:29:21.607772,e7f90e91d64338f591ab0ee0
19free.org,AVAILABILITY,domains.list,domains.list,2021-03-26 11:29:21.937075,e7f90e91d64338f591ab0ee0
19tv.top,AVAILABILITY,domains.list,domains.list,2021-03-26 11:29:22.149826,e7f90e91d64338f591ab0ee0
21robo.com,AVAILABILITY,domains.list,domains.list,2021-03-26 11:29:22.362391,e7f90e91d64338f591ab0ee0
23ud82.com,AVAILABILITY,domains.list,domains.list,2021-03-26 11:29:22.882074,e7f90e91d64338f591ab0ee0
24bitex.su,AVAILABILITY,domains.list,domains.list,2021-03-26 11:29:24.355103,e7f90e91d64338f591ab0ee0
24hinvestment.net,AVAILABILITY,domains.list,domains.list,2021-03-26 11:29:24.849446,e7f90e91d64338f591ab0ee0
24hourdentistlondon.co.uk,AVAILABILITY,domains.list,domains.list,2021-03-26 11:29:25.349158,e7f90e91d64338f591ab0ee0
24litegames.com,AVAILABILITY,domains.list,domains.list,2021-03-26 11:29:25.565076,e7f90e91d64338f591ab0ee0
24newsoft.groupnowfree2stream.review,AVAILABILITY,domains.list,domains.list,2021-03-26 11:29:26.344662,e7f90e91d64338f591ab0ee0
24online.goodsoft4winfastdownloadthisweek.bid,AVAILABILITY,domains.list,domains.list,2021-03-26 11:29:26.967412,e7f90e91d64338f591ab0ee0
24onlineskyvideo.info,AVAILABILITY,domains.list,domains.list,2021-03-26 11:29:27.485891,e7f90e91d64338f591ab0ee0
24option-scam.com,AVAILABILITY,domains.list,domains.list,2021-03-26 11:29:27.958770,e7f90e91d64338f591ab0ee0
24pccheck.greatcontents2stablenows.win,AVAILABILITY,domains.list,domains.list,2021-03-26 11:29:28.640903,e7f90e91d64338f591ab0ee0
24sevencs.com,AVAILABILITY,domains.list,domains.list,2021-03-26 11:29:28.866641,e7f90e91d64338f591ab0ee0
24x7mediaworks.com,AVAILABILITY,domains.list,domains.list,2021-03-26 11:29:29.122648,e7f90e91d64338f591ab0ee0
24xiaz5ai.cn,AVAILABILITY,domains.list,domains.list,2021-03-26 11:29:30.058549,e7f90e91d64338f591ab0ee0
25work.com,AVAILABILITY,domains.list,domains.list,2021-03-26 11:29:30.315812,e7f90e91d64338f591ab0ee0
26c52281.ngrok.io,AVAILABILITY,domains.list,domains.list,2021-03-26 11:29:30.714433,e7f90e91d64338f591ab0ee0
28hf7513231-trader.com,AVAILABILITY,domains.list,domains.list,2021-03-26 11:29:31.136821,e7f90e91d64338f591ab0ee0
029b3e8.netsolhost.com,AVAILABILITY,domains.list,domains.list,2021-03-26 11:29:31.903131,e7f90e91d64338f591ab0ee0
30dayaffiliatechallenge.com,AVAILABILITY,domains.list,domains.list,2021-03-26 11:29:32.409178,e7f90e91d64338f591ab0ee0
30horas-acesso.com,AVAILABILITY,domains.list,domains.list,2021-03-26 11:29:32.866904,e7f90e91d64338f591ab0ee0
30horas-hostname.com,AVAILABILITY,domains.list,domains.list,2021-03-26 11:29:33.259333,e7f90e91d64338f591ab0ee0
31qqww.com,AVAILABILITY,domains.list,domains.list,2021-03-26 11:29:33.788229,e7f90e91d64338f591ab0ee0
32rlav36ca.laserhairremovalindia.com,AVAILABILITY,domains.list,domains.list,2021-03-26 11:29:34.310895,e7f90e91d64338f591ab0ee0
33e3181750.000webhostapp.com,AVAILABILITY,domains.list,domains.list,2021-03-26 11:29:35.502410,e7f90e91d64338f591ab0ee0
33jjtmkd6j.ivertiipolska.com.pl,AVAILABILITY,domains.list,domains.list,2021-03-26 11:29:36.650162,e7f90e91d64338f591ab0ee0
33kkvv.com,AVAILABILITY,domains.list,domains.list,2021-03-26 11:29:37.194761,e7f90e91d64338f591ab0ee0
33lzmm.com,AVAILABILITY,domains.list,domains.list,2021-03-26 11:29:37.690121,e7f90e91d64338f591ab0ee0
33nn.com,AVAILABILITY,domains.list,domains.list,2021-03-26 11:29:37.951392,e7f90e91d64338f591ab0ee0
36robots.com,AVAILABILITY,domains.list,domains.list,2021-03-26 11:29:38.435228,e7f90e91d64338f591ab0ee0
039da14c.ngrok.io,AVAILABILITY,domains.list,domains.list,2021-03-26 11:29:38.814765,e7f90e91d64338f591ab0ee0
39m.net,AVAILABILITY,domains.list,domains.list,2021-03-26 11:29:39.027191,e7f90e91d64338f591ab0ee0
40.nu,AVAILABILITY,domains.list,domains.list,2021-03-26 11:29:39.611089,e7f90e91d64338f591ab0ee0
40ed922ac7.000webhostapp.com,AVAILABILITY,domains.list,domains.list,2021-03-26 11:29:40.894185,e7f90e91d64338f591ab0ee0
40-sm.000webhostapp.com,AVAILABILITY,domains.list,domains.list,2021-03-26 11:29:42.036253,e7f90e91d64338f591ab0ee0
44cckk.com,AVAILABILITY,domains.list,domains.list,2021-03-26 11:29:42.253347,e7f90e91d64338f591ab0ee0
44ccvv.com,AVAILABILITY,domains.list,domains.list,2021-03-26 11:29:42.844929,e7f90e91d64338f591ab0ee0
44ce58wv7k.wxxhopn5ch.madpendesign.com.au,AVAILABILITY,domains.list,domains.list,2021-03-26 11:29:44.577877,e7f90e91d64338f591ab0ee0
44ever-go.cf,AVAILABILITY,domains.list,domains.list,2021-03-26 11:29:50.843866,e7f90e91d64338f591ab0ee0
44xxdd.com,AVAILABILITY,domains.list,domains.list,2021-03-26 11:29:51.057471,e7f90e91d64338f591ab0ee0
48wwuved42.ru,AVAILABILITY,domains.list,domains.list,2021-03-26 11:29:52.570586,e7f90e91d64338f591ab0ee0
51huanche.com,AVAILABILITY,domains.list,domains.list,2021-03-26 11:29:52.787978,e7f90e91d64338f591ab0ee0
51hzmn.com,AVAILABILITY,domains.list,domains.list,2021-03-26 11:29:53.512118,e7f90e91d64338f591ab0ee0
51jczxw.com,AVAILABILITY,domains.list,domains.list,2021-03-26 11:29:54.024073,e7f90e91d64338f591ab0ee0
51-long.com,AVAILABILITY,domains.list,domains.list,2021-03-26 11:29:54.245520,e7f90e91d64338f591ab0ee0
51lvyu.com,AVAILABILITY,domains.list,domains.list,2021-03-26 11:29:54.507943,e7f90e91d64338f591ab0ee0
51mogui.com,AVAILABILITY,domains.list,domains.list,2021-03-26 11:29:55.001239,e7f90e91d64338f591ab0ee0
51web8.net,AVAILABILITY,domains.list,domains.list,2021-03-26 11:29:55.214182,e7f90e91d64338f591ab0ee0
51xingming.com,AVAILABILITY,domains.list,domains.list,2021-03-26 11:29:55.480846,e7f90e91d64338f591ab0ee0
51youhua.org,AVAILABILITY,domains.list,domains.list,2021-03-26 11:29:55.820660,e7f90e91d64338f591ab0ee0
51ysxs.com,AVAILABILITY,domains.list,domains.list,2021-03-26 11:29:56.039608,e7f90e91d64338f591ab0ee0
51zc.cc,AVAILABILITY,domains.list,domains.list,2021-03-26 11:29:56.255183,e7f90e91d64338f591ab0ee0
51zhongguo.com,AVAILABILITY,domains.list,domains.list,2021-03-26 11:29:56.469407,e7f90e91d64338f591ab0ee0
52cfw.com,AVAILABILITY,domains.list,domains.list,2021-03-26 11:29:56.724695,e7f90e91d64338f591ab0ee0
52djcy.com,AVAILABILITY,domains.list,domains.list,2021-03-26 11:29:57.237282,e7f90e91d64338f591ab0ee0
52flz.com,AVAILABILITY,domains.list,domains.list,2021-03-26 11:29:57.452334,e7f90e91d64338f591ab0ee0
52porn.net,AVAILABILITY,domains.list,domains.list,2021-03-26 11:29:57.665647,e7f90e91d64338f591ab0ee0
52puman.com,AVAILABILITY,domains.list,domains.list,2021-03-26 11:29:57.878714,e7f90e91d64338f591ab0ee0
53ertt555.from-mn.com,AVAILABILITY,domains.list,domains.list,2021-03-26 11:29:58.803952,e7f90e91d64338f591ab0ee0
54fangtan.com,AVAILABILITY,domains.list,domains.list,2021-03-26 11:29:59.020736,e7f90e91d64338f591ab0ee0
54-ironbound-plowman.com,AVAILABILITY,domains.list,domains.list,2021-03-26 11:29:59.448373,e7f90e91d64338f591ab0ee0
54ly.com,AVAILABILITY,domains.list,domains.list,2021-03-26 11:29:59.699056,e7f90e91d64338f591ab0ee0
54te.com,AVAILABILITY,domains.list,domains.list,2021-03-26 11:29:59.957927,e7f90e91d64338f591ab0ee0
56clicks.com,AVAILABILITY,domains.list,domains.list,2021-03-26 11:30:00.437057,e7f90e91d64338f591ab0ee0
56hj.cn,AVAILABILITY,domains.list,domains.list,2021-03-26 11:30:00.659083,e7f90e91d64338f591ab0ee0
57ab1.alarmandburglarsystems.com.au,AVAILABILITY,domains.list,domains.list,2021-03-26 11:30:02.333848,e7f90e91d64338f591ab0ee0
58.wf,AVAILABILITY,domains.list,domains.list,2021-03-26 11:30:02.551886,e7f90e91d64338f591ab0ee0
59ikfg1yn2wiijwl5drj.viomil.ro,AVAILABILITY,domains.list,domains.list,2021-03-26 11:30:03.188913,e7f90e91d64338f591ab0ee0
60aalexandrastreetcom.domainstel.org,AVAILABILITY,domains.list,domains.list,2021-03-26 11:30:03.749715,e7f90e91d64338f591ab0ee0
60l3j5wg.myutilitydomain.com,AVAILABILITY,domains.list,domains.list,2021-03-26 11:30:04.648916,e7f90e91d64338f591ab0ee0
60sectech.com,AVAILABILITY,domains.list,domains.list,2021-03-26 11:30:04.863949,e7f90e91d64338f591ab0ee0
61gamei.com,AVAILABILITY,domains.list,domains.list,2021-03-26 11:30:05.428031,e7f90e91d64338f591ab0ee0
66av.cc,AVAILABILITY,domains.list,domains.list,2021-03-26 11:30:05.646860,e7f90e91d64338f591ab0ee0
66eexx.com,AVAILABILITY,domains.list,domains.list,2021-03-26 11:30:05.915746,e7f90e91d64338f591ab0ee0
66ml.in,AVAILABILITY,domains.list,domains.list,2021-03-26 11:30:07.039569,e7f90e91d64338f591ab0ee0
68fa.net,AVAILABILITY,domains.list,domains.list,2021-03-26 11:30:07.253821,e7f90e91d64338f591ab0ee0
71hd5rb4ko.phmtxbjiqk.madpendesign.com.au,AVAILABILITY,domains.list,domains.list,2021-03-26 11:30:09.773722,e7f90e91d64338f591ab0ee0
71sise.com,AVAILABILITY,domains.list,domains.list,2021-03-26 11:30:09.989933,e7f90e91d64338f591ab0ee0
71zijilu.com,AVAILABILITY,domains.list,domains.list,2021-03-26 11:30:10.536766,e7f90e91d64338f591ab0ee0
72.red-83-36-63.staticip.rima-tde.net,AVAILABILITY,domains.list,domains.list,2021-03-26 11:30:11.531539,e7f90e91d64338f591ab0ee0
75ww.com,AVAILABILITY,domains.list,domains.list,2021-03-26 11:30:11.747270,e7f90e91d64338f591ab0ee0
77zhenia.net,AVAILABILITY,domains.list,domains.list,2021-03-26 11:30:12.256994,e7f90e91d64338f591ab0ee0
80aczhyfg8v3bu7jzesb.viomil.ro,AVAILABILITY,domains.list,domains.list,2021-03-26 11:30:13.223859,e7f90e91d64338f591ab0ee0
82sz.com,AVAILABILITY,domains.list,domains.list,2021-03-26 11:30:13.441247,e7f90e91d64338f591ab0ee0
85kq.com,AVAILABILITY,domains.list,domains.list,2021-03-26 11:30:13.656520,e7f90e91d64338f591ab0ee0
086pop.com,AVAILABILITY,domains.list,domains.list,2021-03-26 11:30:13.924168,e7f90e91d64338f591ab0ee0
88kkvv.com,AVAILABILITY,domains.list,domains.list,2021-03-26 11:30:14.137022,e7f90e91d64338f591ab0ee0
90s.co.nz,AVAILABILITY,domains.list,domains.list,2021-03-26 11:30:15.895344,e7f90e91d64338f591ab0ee0
91kuyue.com,AVAILABILITY,domains.list,domains.list,2021-03-26 11:30:16.119196,e7f90e91d64338f591ab0ee0
97boss.com,AVAILABILITY,domains.list,domains.list,2021-03-26 11:30:16.380297,e7f90e91d64338f591ab0ee0
98csc.net,AVAILABILITY,domains.list,domains.list,2021-03-26 11:30:16.596161,e7f90e91d64338f591ab0ee0
98ysz.com,AVAILABILITY,domains.list,domains.list,2021-03-26 11:30:16.851784,e7f90e91d64338f591ab0ee0
99eexx.com,AVAILABILITY,domains.list,domains.list,2021-03-26 11:30:17.067513,e7f90e91d64338f591ab0ee0
99kkxx.com,AVAILABILITY,domains.list,domains.list,2021-03-26 11:30:17.284436,e7f90e91d64338f591ab0ee0
99lwt.cn,AVAILABILITY,domains.list,domains.list,2021-03-26 11:30:17.498582,e7f90e91d64338f591ab0ee0
99meikang.com,AVAILABILITY,domains.list,domains.list,2021-03-26 11:30:17.752784,e7f90e91d64338f591ab0ee0
99shuding.com,AVAILABILITY,domains.list,domains.list,2021-03-26 11:30:17.967444,e7f90e91d64338f591ab0ee0
99wsxzsa40.club,AVAILABILITY,domains.list,domains.list,2021-03-26 11:30:18.781368,e7f90e91d64338f591ab0ee0
99zzkk.com,AVAILABILITY,domains.list,domains.list,2021-03-26 11:30:18.998077,e7f90e91d64338f591ab0ee0
100jzyx.com,AVAILABILITY,domains.list,domains.list,2021-03-26 11:30:19.471460,e7f90e91d64338f591ab0ee0
100league0flegends00mystery001.000webhostapp.com,AVAILABILITY,domains.list,domains.list,2021-03-26 11:30:20.741893,e7f90e91d64338f591ab0ee0
100sitehosting.com,AVAILABILITY,domains.list,domains.list,2021-03-26 11:30:21.260165,e7f90e91d64338f591ab0ee0
100todaydeals.com,AVAILABILITY,domains.list,domains.list,2021-03-26 11:30:21.475240,e7f90e91d64338f591ab0ee0
101.boquan.net,AVAILABILITY,domains.list,domains.list,2021-03-26 11:30:41.203273,e7f90e91d64338f591ab0ee0
101homeschool.com,AVAILABILITY,domains.list,domains.list,2021-03-26 11:30:41.570617,e7f90e91d64338f591ab0ee0
101view.net,AVAILABILITY,domains.list,domains.list,2021-03-26 11:30:42.186618,e7f90e91d64338f591ab0ee0
101wsxzsa1.club,AVAILABILITY,domains.list,domains.list,2021-03-26 11:30:42.874584,e7f90e91d64338f591ab0ee0
114.sohenan.cn,AVAILABILITY,domains.list,domains.list,2021-03-26 11:30:50.661185,e7f90e91d64338f591ab0ee0
114oldest.com,AVAILABILITY,domains.list,domains.list,2021-03-26 11:30:50.917727,e7f90e91d64338f591ab0ee0
119ye.com,AVAILABILITY,domains.list,domains.list,2021-03-26 11:30:51.145972,e7f90e91d64338f591ab0ee0
121zzzzz.com,AVAILABILITY,domains.list,domains.list,2021-03-26 11:30:51.844505,e7f90e91d64338f591ab0ee0
122uc.com,AVAILABILITY,domains.list,domains.list,2021-03-26 11:30:52.405774,e7f90e91d64338f591ab0ee0
125jia.cn,AVAILABILITY,domains.list,domains.list,2021-03-26 11:30:53.481190,e7f90e91d64338f591ab0ee0
125jumeinv.com,AVAILABILITY,domains.list,domains.list,2021-03-26 11:30:54.094980,e7f90e91d64338f591ab0ee0
138carillonavenue.com,AVAILABILITY,domains.list,domains.list,2021-03-26 11:30:54.725591,e7f90e91d64338f591ab0ee0
166e61.com,AVAILABILITY,domains.list,domains.list,2021-03-26 11:30:55.264702,e7f90e91d64338f591ab0ee0
173okwei.com,AVAILABILITY,domains.list,domains.list,2021-03-26 11:30:55.991974,e7f90e91d64338f591ab0ee0
176win.com,AVAILABILITY,domains.list,domains.list,2021-03-26 11:30:56.212046,e7f90e91d64338f591ab0ee0
177momo.com,AVAILABILITY,domains.list,domains.list,2021-03-26 11:30:56.648053,e7f90e91d64338f591ab0ee0
191gm.com,AVAILABILITY,domains.list,domains.list,2021-03-26 11:30:56.863235,e7f90e91d64338f591ab0ee0
0245acc00unt-info001.000webhostapp.com,AVAILABILITY,domains.list,domains.list,2021-03-26 11:30:57.906160,e7f90e91d64338f591ab0ee0
247discountshop.com,AVAILABILITY,domains.list,domains.list,2021-03-26 11:30:58.121093,e7f90e91d64338f591ab0ee0
296f4h3wluqxmie0yqbk8n.littlematchagirl.com.au,AVAILABILITY,domains.list,domains.list,2021-03-26 11:30:58.630078,e7f90e91d64338f591ab0ee0
312elementsweb.com,AVAILABILITY,domains.list,domains.list,2021-03-26 11:30:58.852661,e7f90e91d64338f591ab0ee0
318newportplace.com,AVAILABILITY,domains.list,domains.list,2021-03-26 11:30:59.488972,e7f90e91d64338f591ab0ee0
318x.com,AVAILABILITY,domains.list,domains.list,2021-03-26 11:30:59.757222,e7f90e91d64338f591ab0ee0
332gm.com,AVAILABILITY,domains.list,domains.list,2021-03-26 11:31:00.411108,e7f90e91d64338f591ab0ee0
345hc.com,AVAILABILITY,domains.list,domains.list,2021-03-26 11:31:00.627096,e7f90e91d64338f591ab0ee0
354cf0bd.ngrok.io,AVAILABILITY,domains.list,domains.list,2021-03-26 11:31:00.974195,e7f90e91d64338f591ab0ee0
36-5authfailures.gq,AVAILABILITY,domains.list,domains.list,2021-03-26 11:31:02.805185,e7f90e91d64338f591ab0ee0
365chang.pw,AVAILABILITY,domains.list,domains.list,2021-03-26 11:31:03.826206,e7f90e91d64338f591ab0ee0
365onlinecheck.com,AVAILABILITY,domains.list,domains.list,2021-03-26 11:31:04.046235,e7f90e91d64338f591ab0ee0
365rebo.com,AVAILABILITY,domains.list,domains.list,2021-03-26 11:31:04.307680,e7f90e91d64338f591ab0ee0
365tc.com,AVAILABILITY,domains.list,domains.list,2021-03-26 11:31:04.526693,e7f90e91d64338f591ab0ee0
366authenerror.ga,AVAILABILITY,domains.list,domains.list,2021-03-26 11:31:07.164329,e7f90e91d64338f591ab0ee0
0377.wang,AVAILABILITY,domains.list,domains.list,2021-03-26 11:31:07.887087,e7f90e91d64338f591ab0ee0
400cao.com,AVAILABILITY,domains.list,domains.list,2021-03-26 11:31:08.481531,e7f90e91d64338f591ab0ee0
401group.com,AVAILABILITY,domains.list,domains.list,2021-03-26 11:31:08.695717,e7f90e91d64338f591ab0ee0
405pergolas.com,AVAILABILITY,domains.list,domains.list,2021-03-26 11:31:08.912973,e7f90e91d64338f591ab0ee0
416c6447656e.000webhostapp.com,AVAILABILITY,domains.list,domains.list,2021-03-26 11:31:09.922538,e7f90e91d64338f591ab0ee0
421drive.com,AVAILABILITY,domains.list,domains.list,2021-03-26 11:31:10.469813,e7f90e91d64338f591ab0ee0
426-healthandbeauty.com-4us.net,AVAILABILITY,domains.list,domains.list,2021-03-26 11:31:10.958314,e7f90e91d64338f591ab0ee0
0451mt.com,AVAILABILITY,domains.list,domains.list,2021-03-26 11:31:11.174407,e7f90e91d64338f591ab0ee0
501c3merchantservices.com,AVAILABILITY,domains.list,domains.list,2021-03-26 11:31:11.396606,e7f90e91d64338f591ab0ee0
510w.com,AVAILABILITY,domains.list,domains.list,2021-03-26 11:31:11.753259,e7f90e91d64338f591ab0ee0
0511zfhl.com,AVAILABILITY,domains.list,domains.list,2021-03-26 11:31:12.013013,e7f90e91d64338f591ab0ee0
512dnf.com,AVAILABILITY,domains.list,domains.list,2021-03-26 11:31:12.270571,e7f90e91d64338f591ab0ee0
0512px.net,AVAILABILITY,domains.list,domains.list,2021-03-26 11:31:12.492031,e7f90e91d64338f591ab0ee0
514-balcons.com,AVAILABILITY,domains.list,domains.list,2021-03-26 11:31:12.709463,e7f90e91d64338f591ab0ee0
0538ly.cn,AVAILABILITY,domains.list,domains.list,2021-03-26 11:31:12.926107,e7f90e91d64338f591ab0ee0
0551fs.com,AVAILABILITY,domains.list,domains.list,2021-03-26 11:31:13.184266,e7f90e91d64338f591ab0ee0
555gm44.spwoilseal.com,AVAILABILITY,domains.list,domains.list,2021-03-26 11:31:13.746554,e7f90e91d64338f591ab0ee0
567bbl.com,AVAILABILITY,domains.list,domains.list,2021-03-26 11:31:14.439746,e7f90e91d64338f591ab0ee0
0571jjw.com,AVAILABILITY,domains.list,domains.list,2021-03-26 11:31:14.712725,e7f90e91d64338f591ab0ee0
0571zxw.com,AVAILABILITY,domains.list,domains.list,2021-03-26 11:31:14.960820,e7f90e91d64338f591ab0ee0
0632qyw.com,AVAILABILITY,domains.list,domains.list,2021-03-26 11:31:15.176619,e7f90e91d64338f591ab0ee0
654v.com,AVAILABILITY,domains.list,domains.list,2021-03-26 11:31:15.452544,e7f90e91d64338f591ab0ee0
669-diet.com-swd.net,AVAILABILITY,domains.list,domains.list,2021-03-26 11:31:15.931131,e7f90e91d64338f591ab0ee0
671-fitness.com-swd.net,AVAILABILITY,domains.list,domains.list,2021-03-26 11:31:16.400857,e7f90e91d64338f591ab0ee0
672-healthandbeauty.com-t0p.net,AVAILABILITY,domains.list,domains.list,2021-03-26 11:31:16.856247,e7f90e91d64338f591ab0ee0
676-fitness.com-4us.net,AVAILABILITY,domains.list,domains.list,2021-03-26 11:31:17.239718,e7f90e91d64338f591ab0ee0
678-health.com-4us.net,AVAILABILITY,domains.list,domains.list,2021-03-26 11:31:17.819528,e7f90e91d64338f591ab0ee0
695-weightloss.com-t0p.net,AVAILABILITY,domains.list,domains.list,2021-03-26 11:31:18.327243,e7f90e91d64338f591ab0ee0
711academy.com,AVAILABILITY,domains.list,domains.list,2021-03-26 11:31:18.595753,e7f90e91d64338f591ab0ee0
720movies.net,AVAILABILITY,domains.list,domains.list,2021-03-26 11:31:19.249691,e7f90e91d64338f591ab0ee0
0735sh.com,AVAILABILITY,domains.list,domains.list,2021-03-26 11:31:19.514534,e7f90e91d64338f591ab0ee0
0743j.com,AVAILABILITY,domains.list,domains.list,2021-03-26 11:31:19.731586,e7f90e91d64338f591ab0ee0
777foryou.com,AVAILABILITY,domains.list,domains.list,2021-03-26 11:31:19.953113,e7f90e91d64338f591ab0ee0
777mobileslots.com,AVAILABILITY,domains.list,domains.list,2021-03-26 11:31:20.630894,e7f90e91d64338f591ab0ee0
0797fdc.com.cn,AVAILABILITY,domains.list,domains.list,2021-03-26 11:31:20.847578,e7f90e91d64338f591ab0ee0
818tl.com,AVAILABILITY,domains.list,domains.list,2021-03-26 11:31:21.073325,e7f90e91d64338f591ab0ee0
0820.com,AVAILABILITY,domains.list,domains.list,2021-03-26 11:31:21.291928,e7f90e91d64338f591ab0ee0
833wellsell.com,AVAILABILITY,domains.list,domains.list,2021-03-26 11:31:21.508784,e7f90e91d64338f591ab0ee0
856secom0.cc,AVAILABILITY,domains.list,domains.list,2021-03-26 11:31:22.189554,e7f90e91d64338f591ab0ee0
885c93586e11cccacd647adc490c00a4.getforge.io,AVAILABILITY,domains.list,domains.list,2021-03-26 11:31:22.467351,e7f90e91d64338f591ab0ee0
888whyroof.com,AVAILABILITY,domains.list,domains.list,2021-03-26 11:31:22.686777,e7f90e91d64338f591ab0ee0
898protrudesolve.com,AVAILABILITY,domains.list,domains.list,2021-03-26 11:31:23.250333,e7f90e91d64338f591ab0ee0
898tech.com,AVAILABILITY,domains.list,domains.list,2021-03-26 11:31:23.466174,e7f90e91d64338f591ab0ee0
900jpg.com,AVAILABILITY,domains.list,domains.list,2021-03-26 11:31:23.682192,e7f90e91d64338f591ab0ee0
900tif.com,AVAILABILITY,domains.list,domains.list,2021-03-26 11:31:23.900571,e7f90e91d64338f591ab0ee0
901openyourmin4success.com,AVAILABILITY,domains.list,domains.list,2021-03-26 11:31:24.553481,e7f90e91d64338f591ab0ee0
909.09023.31698.minijozveh.ir,AVAILABILITY,domains.list,domains.list,2021-03-26 11:31:26.359119,e7f90e91d64338f591ab0ee0
911.sos-empleados.net,AVAILABILITY,domains.list,domains.list,2021-03-26 11:31:26.811910,e7f90e91d64338f591ab0ee0
951-healthandbeauty.com-swd.net,AVAILABILITY,domains.list,domains.list,2021-03-26 11:31:27.281842,e7f90e91d64338f591ab0ee0
0971pkw.com,AVAILABILITY,domains.list,domains.list,2021-03-26 11:31:27.543436,e7f90e91d64338f591ab0ee0
978qp.com,AVAILABILITY,domains.list,domains.list,2021-03-26 11:31:27.759802,e7f90e91d64338f591ab0ee0
995-health.com-4us.net,AVAILABILITY,domains.list,domains.list,2021-03-26 11:31:28.329431,e7f90e91d64338f591ab0ee0
1000agres.pt,AVAILABILITY,domains.list,domains.list,2021-03-26 11:31:29.685983,e7f90e91d64338f591ab0ee0
1000avenue.com,AVAILABILITY,domains.list,domains.list,2021-03-26 11:31:29.906152,e7f90e91d64338f591ab0ee0
1000rupaiya.com,AVAILABILITY,domains.list,domains.list,2021-03-26 11:31:30.514112,e7f90e91d64338f591ab0ee0
1010fz.com,AVAILABILITY,domains.list,domains.list,2021-03-26 11:31:30.778734,e7f90e91d64338f591ab0ee0
1147.org,AVAILABILITY,domains.list,domains.list,2021-03-26 11:31:30.993592,e7f90e91d64338f591ab0ee0
1347a8386f71e943.applecontactsq.xyz,AVAILABILITY,domains.list,domains.list,2021-03-26 11:31:32.118298,e7f90e91d64338f591ab0ee0
001547.000webhostapp.com,AVAILABILITY,domains.list,domains.list,2021-03-26 11:31:33.574003,e7f90e91d64338f591ab0ee0
1688.se,AVAILABILITY,domains.list,domains.list,2021-03-26 11:31:34.279264,e7f90e91d64338f591ab0ee0
1688dhw.com,AVAILABILITY,domains.list,domains.list,2021-03-26 11:31:34.499487,e7f90e91d64338f591ab0ee0
1699.com.au,AVAILABILITY,domains.list,domains.list,2021-03-26 11:31:47.136136,e7f90e91d64338f591ab0ee0
1710coffee.com,AVAILABILITY,domains.list,domains.list,2021-03-26 11:31:47.494990,e7f90e91d64338f591ab0ee0
1860-nicaragua-banish.com,AVAILABILITY,domains.list,domains.list,2021-03-26 11:31:48.031895,e7f90e91d64338f591ab0ee0
1962lawiah.esy.es,AVAILABILITY,domains.list,domains.list,2021-03-26 11:31:50.263270,e7f90e91d64338f591ab0ee0
2000tours.com,AVAILABILITY,domains.list,domains.list,2021-03-26 11:31:50.482378,e7f90e91d64338f591ab0ee0
2006.psjc.org,AVAILABILITY,domains.list,domains.list,2021-03-26 11:31:51.392371,e7f90e91d64338f591ab0ee0
2012ui.com,AVAILABILITY,domains.list,domains.list,2021-03-26 11:31:51.613988,e7f90e91d64338f591ab0ee0
2017cancel-stopactionnow.info,AVAILABILITY,domains.list,domains.list,2021-03-26 11:31:52.133241,e7f90e91d64338f591ab0ee0
2018.zone,AVAILABILITY,domains.list,domains.list,2021-03-26 11:31:52.927086,e7f90e91d64338f591ab0ee0
2018asss.000webhostapp.com,AVAILABILITY,domains.list,domains.list,2021-03-26 11:31:53.771825,e7f90e91d64338f591ab0ee0
2018concorsolaterra.000webhostapp.com,AVAILABILITY,domains.list,domains.list,2021-03-26 11:31:54.885664,e7f90e91d64338f591ab0ee0
2018halkbank.com,AVAILABILITY,domains.list,domains.list,2021-03-26 11:31:55.456830,e7f90e91d64338f591ab0ee0
2020closings.com,AVAILABILITY,domains.list,domains.list,2021-03-26 11:31:55.984009,e7f90e91d64338f591ab0ee0
2070modern.com,AVAILABILITY,domains.list,domains.list,2021-03-26 11:31:56.254197,e7f90e91d64338f591ab0ee0
2345jiasu.com,AVAILABILITY,domains.list,domains.list,2021-03-26 11:31:56.474113,e7f90e91d64338f591ab0ee0
2346ytrew3.from-mn.com,AVAILABILITY,domains.list,domains.list,2021-03-26 11:31:57.989856,e7f90e91d64338f591ab0ee0
3028a.alarmandburglarsystems.com.au,AVAILABILITY,domains.list,domains.list,2021-03-26 11:31:59.728595,e7f90e91d64338f591ab0ee0
3231.cc,AVAILABILITY,domains.list,domains.list,2021-03-26 11:32:00.230708,e7f90e91d64338f591ab0ee0
03383bd.netsolhost.com,AVAILABILITY,domains.list,domains.list,2021-03-26 11:32:00.769221,e7f90e91d64338f591ab0ee0
4074c4aeda7021213cf61ec23013085e.pw,AVAILABILITY,domains.list,domains.list,2021-03-26 11:32:01.941293,e7f90e91d64338f591ab0ee0
4388e9eiirkklrpp4004-4-erppeee.000webhostapp.com,AVAILABILITY,domains.list,domains.list,2021-03-26 11:32:02.957894,e7f90e91d64338f591ab0ee0
5000ethereum.in,AVAILABILITY,domains.list,domains.list,2021-03-26 11:32:04.047104,e7f90e91d64338f591ab0ee0
5151ac.com,AVAILABILITY,domains.list,domains.list,2021-03-26 11:32:04.272335,e7f90e91d64338f591ab0ee0
5233w.net,AVAILABILITY,domains.list,domains.list,2021-03-26 11:32:04.492442,e7f90e91d64338f591ab0ee0
5678uc.com,AVAILABILITY,domains.list,domains.list,2021-03-26 11:32:04.707910,e7f90e91d64338f591ab0ee0
5689.nl,AVAILABILITY,domains.list,domains.list,2021-03-26 11:32:05.888626,e7f90e91d64338f591ab0ee0
5808l.com,AVAILABILITY,domains.list,domains.list,2021-03-26 11:32:06.150747,e7f90e91d64338f591ab0ee0
6666mn.com,AVAILABILITY,domains.list,domains.list,2021-03-26 11:32:06.774180,e7f90e91d64338f591ab0ee0
6767ramaya.000webhostapp.com,AVAILABILITY,domains.list,domains.list,2021-03-26 11:32:07.935593,e7f90e91d64338f591ab0ee0
7060.la,AVAILABILITY,domains.list,domains.list,2021-03-26 11:32:08.157126,e7f90e91d64338f591ab0ee0
07353.com,AVAILABILITY,domains.list,domains.list,2021-03-26 11:32:08.417304,e7f90e91d64338f591ab0ee0
8098.nut.cc,AVAILABILITY,domains.list,domains.list,2021-03-26 11:32:08.969996,e7f90e91d64338f591ab0ee0
08819.com,AVAILABILITY,domains.list,domains.list,2021-03-26 11:32:09.240371,e7f90e91d64338f591ab0ee0
8885ff.com,AVAILABILITY,domains.list,domains.list,2021-03-26 11:32:09.457583,e7f90e91d64338f591ab0ee0
9523cc.com,AVAILABILITY,domains.list,domains.list,2021-03-26 11:32:09.719279,e7f90e91d64338f591ab0ee0
9779.info,AVAILABILITY,domains.list,domains.list,2021-03-26 11:32:09.940524,e7f90e91d64338f591ab0ee0
10086hyl.com,AVAILABILITY,domains.list,domains.list,2021-03-26 11:32:10.205968,e7f90e91d64338f591ab0ee0
12000.biz,AVAILABILITY,domains.list,domains.list,2021-03-26 11:32:10.906292,e7f90e91d64338f591ab0ee0
14198.com,AVAILABILITY,domains.list,domains.list,2021-03-26 11:32:11.173058,e7f90e91d64338f591ab0ee0
15817.facebook.profilephdid.com,AVAILABILITY,domains.list,domains.list,2021-03-26 11:32:11.782336,e7f90e91d64338f591ab0ee0
019201.webcindario.com,AVAILABILITY,domains.list,domains.list,2021-03-26 11:32:12.083564,e7f90e91d64338f591ab0ee0
029999.com,AVAILABILITY,domains.list,domains.list,2021-03-26 11:32:12.304170,e7f90e91d64338f591ab0ee0
41907.gwtoys.cn,AVAILABILITY,domains.list,domains.list,2021-03-26 11:32:12.945993,e7f90e91d64338f591ab0ee0
43242.com,AVAILABILITY,domains.list,domains.list,2021-03-26 11:32:13.169244,e7f90e91d64338f591ab0ee0
54321.zz.am,AVAILABILITY,domains.list,domains.list,2021-03-26 11:32:14.929097,e7f90e91d64338f591ab0ee0
55511b.com,AVAILABILITY,domains.list,domains.list,2021-03-26 11:32:15.154032,e7f90e91d64338f591ab0ee0
63810.com,AVAILABILITY,domains.list,domains.list,2021-03-26 11:32:15.377170,e7f90e91d64338f591ab0ee0
65421.promofrio.co,AVAILABILITY,domains.list,domains.list,2021-03-26 11:32:15.653348,e7f90e91d64338f591ab0ee0
67511.prohoster.biz,AVAILABILITY,domains.list,domains.list,2021-03-26 11:32:18.822763,e7f90e91d64338f591ab0ee0
67529.prohoster.biz,AVAILABILITY,domains.list,domains.list,2021-03-26 11:32:20.048910,e7f90e91d64338f591ab0ee0
67535.prohoster.biz,AVAILABILITY,domains.list,domains.list,2021-03-26 11:32:21.693510,e7f90e91d64338f591ab0ee0
67800.prohoster.biz,AVAILABILITY,domains.list,domains.list,2021-03-26 11:32:23.046971,e7f90e91d64338f591ab0ee0
67864.prohoster.biz,AVAILABILITY,domains.list,domains.list,2021-03-26 11:32:24.961108,e7f90e91d64338f591ab0ee0
68042.prohoster.biz,AVAILABILITY,domains.list,domains.list,2021-03-26 11:32:26.255105,e7f90e91d64338f591ab0ee0
68127.prohoster.biz,AVAILABILITY,domains.list,domains.list,2021-03-26 11:32:29.188449,e7f90e91d64338f591ab0ee0
68373.prohoster.biz,AVAILABILITY,domains.list,domains.list,2021-03-26 11:32:30.462514,e7f90e91d64338f591ab0ee0
68729.prohoster.biz,AVAILABILITY,domains.list,domains.list,2021-03-26 11:32:31.656703,e7f90e91d64338f591ab0ee0
68927.prohoster.biz,AVAILABILITY,domains.list,domains.list,2021-03-26 11:32:32.873737,e7f90e91d64338f591ab0ee0
071899.com,AVAILABILITY,domains.list,domains.list,2021-03-26 11:32:33.090507,e7f90e91d64338f591ab0ee0
78111.com,AVAILABILITY,domains.list,domains.list,2021-03-26 11:32:33.309344,e7f90e91d64338f591ab0ee0
84206.com,AVAILABILITY,domains.list,domains.list,2021-03-26 11:32:33.660909,e7f90e91d64338f591ab0ee0
90190.com,AVAILABILITY,domains.list,domains.list,2021-03-26 11:32:33.880042,e7f90e91d64338f591ab0ee0
90900.com,AVAILABILITY,domains.list,domains.list,2021-03-26 11:32:34.099106,e7f90e91d64338f591ab0ee0
90905.000webhostapp.com,AVAILABILITY,domains.list,domains.list,2021-03-26 11:32:35.171510,e7f90e91d64338f591ab0ee0
98405.com,AVAILABILITY,domains.list,domains.list,2021-03-26 11:32:35.435649,e7f90e91d64338f591ab0ee0
100000munkahely.hu,AVAILABILITY,domains.list,domains.list,2021-03-26 11:32:37.192955,e7f90e91d64338f591ab0ee0
109070-deutschland-gast-angabe-nachweis.sicherheitshilfe-sicherheitssystem.tk,AVAILABILITY,domains.list,domains.list,2021-03-26 11:32:39.069051,e7f90e91d64338f591ab0ee0
137311.com,AVAILABILITY,domains.list,domains.list,2021-03-26 11:32:39.323063,e7f90e91d64338f591ab0ee0
152321-co.umbler.net,AVAILABILITY,domains.list,domains.list,2021-03-26 11:32:45.485587,e7f90e91d64338f591ab0ee0
206938-deu-prob-mitteilung-benutzer.vorbeugung-sicher.gq,AVAILABILITY,domains.list,domains.list,2021-03-26 11:32:47.715293,e7f90e91d64338f591ab0ee0
261512.60731134x.cn,AVAILABILITY,domains.list,domains.list,2021-03-26 11:32:48.662375,e7f90e91d64338f591ab0ee0
294064-germany-nutzung-sicher-validierung.sicherheitskontrolle.ga,AVAILABILITY,domains.list,domains.list,2021-03-26 11:32:49.600848,e7f90e91d64338f591ab0ee0
299800-de-nutzung-mitteilung-benutzer.sicherheitshilfe-sicherheitssystem.ga,AVAILABILITY,domains.list,domains.list,2021-03-26 11:32:51.674124,e7f90e91d64338f591ab0ee0
308888.com,AVAILABILITY,domains.list,domains.list,2021-03-26 11:32:51.894634,e7f90e91d64338f591ab0ee0
314151.com,AVAILABILITY,domains.list,domains.list,2021-03-26 11:32:52.116824,e7f90e91d64338f591ab0ee0
330824.com,AVAILABILITY,domains.list,domains.list,2021-03-26 11:32:52.336960,e7f90e91d64338f591ab0ee0
332818-de-prob-sicherheit-validierung.sicherheitshilfe-schutz.ml,AVAILABILITY,domains.list,domains.list,2021-03-26 11:32:54.695388,e7f90e91d64338f591ab0ee0
367032-deu-storno-angabe-benutzer.sicherheitshilfe-schutz.ml,AVAILABILITY,domains.list,domains.list,2021-03-26 11:32:56.895882,e7f90e91d64338f591ab0ee0
368493-deu-storno-mitteilung-nachweis.sicherheitssystem-sicherheitshilfe.cf,AVAILABILITY,domains.list,domains.list,2021-03-26 11:32:58.618715,e7f90e91d64338f591ab0ee0
373082.livecity.me,AVAILABILITY,domains.list,domains.list,2021-03-26 11:32:59.205420,e7f90e91d64338f591ab0ee0
384242.799866074.cn,AVAILABILITY,domains.list,domains.list,2021-03-26 11:33:00.570222,e7f90e91d64338f591ab0ee0
385223-deutschland-gast-mitteilung-account.service-paypal-info.ml,AVAILABILITY,domains.list,domains.list,2021-03-26 11:33:02.650742,e7f90e91d64338f591ab0ee0
402428-de-storno-sicherheit-benutzer.vorkehrung-sicherheitssystem.ml,AVAILABILITY,domains.list,domains.list,2021-03-26 11:33:05.168848,e7f90e91d64338f591ab0ee0
433348--gast-angabe-account.vorkehrung-sicherheitssystem.ml,AVAILABILITY,domains.list,domains.list,2021-03-26 11:33:06.611438,e7f90e91d64338f591ab0ee0
445600-deutschland-verbraucher-sicher-nachweis.newsafe-trade.com,AVAILABILITY,domains.list,domains.list,2021-03-26 11:33:07.139697,e7f90e91d64338f591ab0ee0
461073-deu-gast-sicherheit-benutzer.sicherheitshilfe-sicherheitssystem.cf,AVAILABILITY,domains.list,domains.list,2021-03-26 11:33:09.097108,e7f90e91d64338f591ab0ee0
465663-deutschland-nutzung-sicher-benutzer.sicher-vorbeugung.tk,AVAILABILITY,domains.list,domains.list,2021-03-26 11:33:10.422307,e7f90e91d64338f591ab0ee0
470032-de-gast-sicher-validierung.trade-verification-lite.com,AVAILABILITY,domains.list,domains.list,2021-03-26 11:33:10.991867,e7f90e91d64338f591ab0ee0
488568.com,AVAILABILITY,domains.list,domains.list,2021-03-26 11:33:11.211757,e7f90e91d64338f591ab0ee0
496362-deutschland-nutzung-sicher-benutzer.vorkehrung-sicherheitssystem.cf,AVAILABILITY,domains.list,domains.list,2021-03-26 11:33:12.727267,e7f90e91d64338f591ab0ee0
496812--gast-sicher-account.vorkehrung-sicherheitssystem.ml,AVAILABILITY,domains.list,domains.list,2021-03-26 11:33:14.301232,e7f90e91d64338f591ab0ee0
515646.net,AVAILABILITY,domains.list,domains.list,2021-03-26 11:33:14.523645,e7f90e91d64338f591ab0ee0
521073--verbraucher-mitteilung-account.sicher-vorbeugung.tk,AVAILABILITY,domains.list,domains.list,2021-03-26 11:33:16.152136,e7f90e91d64338f591ab0ee0
521686-de-verbraucher-kenntnis-benutzer.sicherheitsabwehr-hilfeservice-sicherheitshilfe.tk,AVAILABILITY,domains.list,domains.list,2021-03-26 11:33:17.665907,e7f90e91d64338f591ab0ee0
529499-deu-gast-sicherheit-validierung.sicherheitssystem-sicherheitshilfe.ga,AVAILABILITY,domains.list,domains.list,2021-03-26 11:33:19.510594,e7f90e91d64338f591ab0ee0
540591--nutzung-angabe-validierung.sicherheitshilfe-schutz.gq,AVAILABILITY,domains.list,domains.list,2021-03-26 11:33:21.531580,e7f90e91d64338f591ab0ee0
542446d.000webhostapp.com,AVAILABILITY,domains.list,domains.list,2021-03-26 11:33:22.932207,e7f90e91d64338f591ab0ee0
570748-deutschland-verbraucher-mitteilung-validierung.sicherheitshilfe-schutz.ml,AVAILABILITY,domains.list,domains.list,2021-03-26 11:33:24.504950,e7f90e91d64338f591ab0ee0
588222-germany-nutzung-mitteilung-nachweis.sicherheitssystem-sicherheitshilfe.gq,AVAILABILITY,domains.list,domains.list,2021-03-26 11:33:26.244201,e7f90e91d64338f591ab0ee0
602371venetz.000webhostapp.com,AVAILABILITY,domains.list,domains.list,2021-03-26 11:33:27.384111,e7f90e91d64338f591ab0ee0
612100.cn,AVAILABILITY,domains.list,domains.list,2021-03-26 11:33:28.141886,e7f90e91d64338f591ab0ee0
618199.com,AVAILABILITY,domains.list,domains.list,2021-03-26 11:33:28.363449,e7f90e91d64338f591ab0ee0
625491-deu-verbraucher-sicherheit-account.paypaldevelopment-system.top,AVAILABILITY,domains.list,domains.list,2021-03-26 11:33:30.201950,e7f90e91d64338f591ab0ee0
633393--gast-kenntnis-benutzer.vorkehrung-sicherheitssystem.cf,AVAILABILITY,domains.list,domains.list,2021-03-26 11:33:32.515794,e7f90e91d64338f591ab0ee0
649107-deu-gast-kenntnis-validierung.vorkehrung-sicherheitssystem.cf,AVAILABILITY,domains.list,domains.list,2021-03-26 11:33:34.178326,e7f90e91d64338f591ab0ee0
663998.net,AVAILABILITY,domains.list,domains.list,2021-03-26 11:33:34.405417,e7f90e91d64338f591ab0ee0
696291--verbraucher-sicherheit-account.sicherheitsabfrage-sicher.gq,AVAILABILITY,domains.list,domains.list,2021-03-26 11:33:36.214791,e7f90e91d64338f591ab0ee0
700135--nutzung-sicher-validierung.vorkehrung-sicherheitssystem.ml,AVAILABILITY,domains.list,domains.list,2021-03-26 11:33:38.417229,e7f90e91d64338f591ab0ee0
709293-de-gast-sicher-benutzer.service-paypal-info.ml,AVAILABILITY,domains.list,domains.list,2021-03-26 11:33:39.872606,e7f90e91d64338f591ab0ee0
744396-deu-prob-angabe-validierung.sicher-sicherheitsabfrage.ml,AVAILABILITY,domains.list,domains.list,2021-03-26 11:33:42.139045,e7f90e91d64338f591ab0ee0
758161-deutschland-nutzung-mitteilung-account.vorkehrung.gq,AVAILABILITY,domains.list,domains.list,2021-03-26 11:33:44.513476,e7f90e91d64338f591ab0ee0
758205-deu-nutzung-sicherheit-nachweis.sicherheitshilfe-schutz.cf,AVAILABILITY,domains.list,domains.list,2021-03-26 11:33:45.440735,e7f90e91d64338f591ab0ee0
764895-de-verbraucher-mitteilung-account.sicherheitsvorbeugung.gq,AVAILABILITY,domains.list,domains.list,2021-03-26 11:33:47.034944,e7f90e91d64338f591ab0ee0
773737-germany-nutzung-mitteilung-account.vorkehrung-sicherheitssystem.ml,AVAILABILITY,domains.list,domains.list,2021-03-26 11:33:49.080652,e7f90e91d64338f591ab0ee0
805678.com,AVAILABILITY,domains.list,domains.list,2021-03-26 11:33:49.445165,e7f90e91d64338f591ab0ee0
840216-germany-verbraucher-kenntnis-benutzer.vorkehrung-sicherheitssystem.cf,AVAILABILITY,domains.list,domains.list,2021-03-26 11:33:51.544442,e7f90e91d64338f591ab0ee0
884545gf.ahdaaf.org,AVAILABILITY,domains.list,domains.list,2021-03-26 11:33:54.487765,e7f90e91d64338f591ab0ee0
888238.com,AVAILABILITY,domains.list,domains.list,2021-03-26 11:33:54.708225,e7f90e91d64338f591ab0ee0
888888kk.com,AVAILABILITY,domains.list,domains.list,2021-03-26 11:33:54.933171,e7f90e91d64338f591ab0ee0
910457-deu-prob-sicherheit-account.vorkehrung-sicherheitssystem.ml,AVAILABILITY,domains.list,domains.list,2021-03-26 11:33:56.679650,e7f90e91d64338f591ab0ee0
911718.net,AVAILABILITY,domains.list,domains.list,2021-03-26 11:33:56.939039,e7f90e91d64338f591ab0ee0
954669-de-gast-sicherheit-account.sicherheitssystem-sicherheitshilfe.ga,AVAILABILITY,domains.list,domains.list,2021-03-26 11:33:58.656105,e7f90e91d64338f591ab0ee0
981718.cn,AVAILABILITY,domains.list,domains.list,2021-03-26 11:33:58.879973,e7f90e91d64338f591ab0ee0
987449-deu-prob-sicher-nachweis.sicher-vorbeugung.tk,AVAILABILITY,domains.list,domains.list,2021-03-26 11:34:00.695047,e7f90e91d64338f591ab0ee0
0995114.net,AVAILABILITY,domains.list,domains.list,2021-03-26 11:34:00.913830,e7f90e91d64338f591ab0ee0
1036560fsp.hol.es,AVAILABILITY,domains.list,domains.list,2021-03-26 11:34:02.861141,e7f90e91d64338f591ab0ee0
1102350s.hol.es,AVAILABILITY,domains.list,domains.list,2021-03-26 11:34:04.260271,e7f90e91d64338f591ab0ee0
1788111.com,AVAILABILITY,domains.list,domains.list,2021-03-26 11:34:04.482332,e7f90e91d64338f591ab0ee0
2666120.com,AVAILABILITY,domains.list,domains.list,2021-03-26 11:34:04.752739,e7f90e91d64338f591ab0ee0
3231198.com,AVAILABILITY,domains.list,domains.list,2021-03-26 11:34:05.488833,e7f90e91d64338f591ab0ee0
3262111.com,AVAILABILITY,domains.list,domains.list,2021-03-26 11:34:05.749988,e7f90e91d64338f591ab0ee0
5850777.ru,AVAILABILITY,domains.list,domains.list,2021-03-26 11:34:07.485903,e7f90e91d64338f591ab0ee0
6002288.com,AVAILABILITY,domains.list,domains.list,2021-03-26 11:34:08.122805,e7f90e91d64338f591ab0ee0
7765817.facebook.profilephdid.com,AVAILABILITY,domains.list,domains.list,2021-03-26 11:34:08.699638,e7f90e91d64338f591ab0ee0
7798991.com,AVAILABILITY,domains.list,domains.list,2021-03-26 11:34:09.259971,e7f90e91d64338f591ab0ee0
8883448.com,AVAILABILITY,domains.list,domains.list,2021-03-26 11:34:09.529204,e7f90e91d64338f591ab0ee0
049964324docviewonline.000webhostapp.com,AVAILABILITY,domains.list,domains.list,2021-03-26 11:34:10.988717,e7f90e91d64338f591ab0ee0
51156434.swh.strato-hosting.eu,AVAILABILITY,domains.list,domains.list,2021-03-26 11:34:12.774528,e7f90e91d64338f591ab0ee0
60731134x.cn,AVAILABILITY,domains.list,domains.list,2021-03-26 11:34:14.126452,e7f90e91d64338f591ab0ee0
66600619.com,AVAILABILITY,domains.list,domains.list,2021-03-26 11:34:14.388080,e7f90e91d64338f591ab0ee0
81182479.com,AVAILABILITY,domains.list,domains.list,2021-03-26 11:34:14.611312,e7f90e91d64338f591ab0ee0
100032351.hol.es,AVAILABILITY,domains.list,domains.list,2021-03-26 11:34:15.986379,e7f90e91d64338f591ab0ee0
100033212k.hol.es,AVAILABILITY,domains.list,domains.list,2021-03-26 11:34:17.639511,e7f90e91d64338f591ab0ee0
612045126.htmldrop.com,AVAILABILITY,domains.list,domains.list,2021-03-26 11:34:18.415099,e7f90e91d64338f591ab0ee0
799866074.cn,AVAILABILITY,domains.list,domains.list,2021-03-26 11:34:19.877878,e7f90e91d64338f591ab0ee0
1006565215.hol.es,AVAILABILITY,domains.list,domains.list,2021-03-26 11:34:21.582835,e7f90e91d64338f591ab0ee0
4006692292.com,AVAILABILITY,domains.list,domains.list,2021-03-26 11:34:22.178608,e7f90e91d64338f591ab0ee0
4006868488.cn,AVAILABILITY,domains.list,domains.list,2021-03-26 11:34:22.926865,e7f90e91d64338f591ab0ee0
13148990763.com,AVAILABILITY,domains.list,domains.list,2021-03-26 11:34:23.191041,e7f90e91d64338f591ab0ee0
13903825045.com,AVAILABILITY,domains.list,domains.list,2021-03-26 11:34:23.412955,e7f90e91d64338f591ab0ee0
384756783900.cn,AVAILABILITY,domains.list,domains.list,2021-03-26 11:34:23.633942,e7f90e91d64338f591ab0ee0
917899278545.myjino.ru,AVAILABILITY,domains.list,domains.list,2021-03-26 11:34:27.147193,e7f90e91d64338f591ab0ee0
7647627462837.gq,AVAILABILITY,domains.list,domains.list,2021-03-26 11:34:30.125452,e7f90e91d64338f591ab0ee0
18846846874646-verify.net,AVAILABILITY,domains.list,domains.list,2021-03-26 11:34:30.637173,e7f90e91d64338f591ab0ee0
09099808900090909.000webhostapp.com,AVAILABILITY,domains.list,domains.list,2021-03-26 11:34:31.273593,e7f90e91d64338f591ab0ee0
17567525724242400047ss7844577id40004546465465340522.cufflaw.com,AVAILABILITY,domains.list,domains.list,2021-03-26 11:34:42.650938,e7f90e91d64338f591ab0ee0
dfejbuszek22.000webhostapp.com,AVAILABILITY,domains.list,domains.list,2021-03-26 11:34:43.743120,e7f90e91d64338f591ab0ee0
relish.com.cn,AVAILABILITY,domains.list,domains.list,2021-03-26 11:34:44.687840,e7f90e91d64338f591ab0ee0
a0liasoleadersrfectearchcustohihingnepelectione.com,AVAILABILITY,domains.list,domains.list,2021-03-26 11:34:45.304131,e7f90e91d64338f591ab0ee0
a1sec.com.au,AVAILABILITY,domains.list,domains.list,2021-03-26 11:34:46.390623,e7f90e91d64338f591ab0ee0
a1trafficticketdefense.com,AVAILABILITY,domains.list,domains.list,2021-03-26 11:34:46.621297,e7f90e91d64338f591ab0ee0
a2btrans.pl,AVAILABILITY,domains.list,domains.list,2021-03-26 11:34:46.842719,e7f90e91d64338f591ab0ee0
a2yglass.com.my,AVAILABILITY,domains.list,domains.list,2021-03-26 11:34:52.673806,e7f90e91d64338f591ab0ee0
a2zeeholidays.com,AVAILABILITY,domains.list,domains.list,2021-03-26 11:34:53.475495,e7f90e91d64338f591ab0ee0
a3designs.com.au,AVAILABILITY,domains.list,domains.list,2021-03-26 11:34:55.729166,e7f90e91d64338f591ab0ee0
a4uatro.com.br,AVAILABILITY,domains.list,domains.list,2021-03-26 11:34:55.949664,e7f90e91d64338f591ab0ee0
a43a56f8.000webhostapp.com,AVAILABILITY,domains.list,domains.list,2021-03-26 11:34:57.482308,e7f90e91d64338f591ab0ee0
a55barin.000webhostapp.com,AVAILABILITY,domains.list,domains.list,2021-03-26 11:34:58.020247,e7f90e91d64338f591ab0ee0
a0189735.xsph.ru,AVAILABILITY,domains.list,domains.list,2021-03-26 11:34:58.675421,e7f90e91d64338f591ab0ee0
a0190803.xsph.ru,AVAILABILITY,domains.list,domains.list,2021-03-26 11:34:59.435230,e7f90e91d64338f591ab0ee0
a0190816.xsph.ru,AVAILABILITY,domains.list,domains.list,2021-03-26 11:34:59.871065,e7f90e91d64338f591ab0ee0
a0193197.xsph.ru,AVAILABILITY,domains.list,domains.list,2021-03-26 11:35:00.417684,e7f90e91d64338f591ab0ee0
a0193440.xsph.ru,AVAILABILITY,domains.list,domains.list,2021-03-26 11:35:01.278411,e7f90e91d64338f591ab0ee0
a0197898.xsph.ru,AVAILABILITY,domains.list,domains.list,2021-03-26 11:35:01.621036,e7f90e91d64338f591ab0ee0
a0197915.xsph.ru,AVAILABILITY,domains.list,domains.list,2021-03-26 11:35:02.288025,e7f90e91d64338f591ab0ee0
a0199752.xsph.ru,AVAILABILITY,domains.list,domains.list,2021-03-26 11:35:02.865402,e7f90e91d64338f591ab0ee0
a0218233.xsph.ru,AVAILABILITY,domains.list,domains.list,2021-03-26 11:35:03.558576,e7f90e91d64338f591ab0ee0
a0218249.xsph.ru,AVAILABILITY,domains.list,domains.list,2021-03-26 11:35:03.998931,e7f90e91d64338f591ab0ee0
a2132959.0lx.net,AVAILABILITY,domains.list,domains.list,2021-03-26 11:35:04.288669,e7f90e91d64338f591ab0ee0
a5718370.000webhostapp.com,AVAILABILITY,domains.list,domains.list,2021-03-26 11:35:05.423120,e7f90e91d64338f591ab0ee0
a.b.c.d.e.f.gwtoys.cn,AVAILABILITY,domains.list,domains.list,2021-03-26 11:35:06.231708,e7f90e91d64338f591ab0ee0
a.b.c.d.e.gwtoys.cn,AVAILABILITY,domains.list,domains.list,2021-03-26 11:35:07.356565,e7f90e91d64338f591ab0ee0
a.b.c.d.gwtoys.cn,AVAILABILITY,domains.list,domains.list,2021-03-26 11:35:08.436414,e7f90e91d64338f591ab0ee0
a.bettiepageshoes.eu,AVAILABILITY,domains.list,domains.list,2021-03-26 11:35:09.257085,e7f90e91d64338f591ab0ee0
a.cittainforma.com,AVAILABILITY,domains.list,domains.list,2021-03-26 11:35:09.847560,e7f90e91d64338f591ab0ee0
a.cotonpasha.co.uk,AVAILABILITY,domains.list,domains.list,2021-03-26 11:35:11.649954,e7f90e91d64338f591ab0ee0
a.cotonpasha.it,AVAILABILITY,domains.list,domains.list,2021-03-26 11:35:13.769001,e7f90e91d64338f591ab0ee0
a.impressionigrafiche.it,AVAILABILITY,domains.list,domains.list,2021-03-26 11:35:14.434877,e7f90e91d64338f591ab0ee0
a.larcolaio.it,AVAILABILITY,domains.list,domains.list,2021-03-26 11:35:16.195154,e7f90e91d64338f591ab0ee0
a.musiclegs.fr,AVAILABILITY,domains.list,domains.list,2021-03-26 11:35:19.047134,e7f90e91d64338f591ab0ee0
a.musiclegs.it,AVAILABILITY,domains.list,domains.list,2021-03-26 11:35:19.516279,e7f90e91d64338f591ab0ee0
a.namemilky.com,AVAILABILITY,domains.list,domains.list,2021-03-26 11:35:20.124806,e7f90e91d64338f591ab0ee0
a.nt002.cn,AVAILABILITY,domains.list,domains.list,2021-03-26 11:35:21.118429,e7f90e91d64338f591ab0ee0
a.oururl.bid,AVAILABILITY,domains.list,domains.list,2021-03-26 11:35:22.150668,e7f90e91d64338f591ab0ee0
a.villeges.com,AVAILABILITY,domains.list,domains.list,2021-03-26 11:35:22.779137,e7f90e91d64338f591ab0ee0
aa12111.top,AVAILABILITY,domains.list,domains.list,2021-03-26 11:35:27.871030,e7f90e91d64338f591ab0ee0
aa.xqwqbg.com,AVAILABILITY,domains.list,domains.list,2021-03-26 11:35:28.394777,e7f90e91d64338f591ab0ee0
aaa520.izlinix.com,AVAILABILITY,domains.list,domains.list,2021-03-26 11:35:35.057957,e7f90e91d64338f591ab0ee0
aaaaaa.icfoscolosoverato.it,AVAILABILITY,domains.list,domains.list,2021-03-26 11:35:37.177114,e7f90e91d64338f591ab0ee0
aaaopost.com,AVAILABILITY,domains.list,domains.list,2021-03-26 11:35:37.652333,e7f90e91d64338f591ab0ee0
aaatewata.pw,AVAILABILITY,domains.list,domains.list,2021-03-26 11:35:38.636850,e7f90e91d64338f591ab0ee0
aaaxqabiqgxxwczrx.com,AVAILABILITY,domains.list,domains.list,2021-03-26 11:35:39.252948,e7f90e91d64338f591ab0ee0
aabhi.in,AVAILABILITY,domains.list,domains.list,2021-03-26 11:35:40.290637,e7f90e91d64338f591ab0ee0
aabithub.com,AVAILABILITY,domains.list,domains.list,2021-03-26 11:35:40.960855,e7f90e91d64338f591ab0ee0
aac-aaic.com,AVAILABILITY,domains.list,domains.list,2021-03-26 11:35:41.284627,e7f90e91d64338f591ab0ee0
aacihealthcare.com,AVAILABILITY,domains.list,domains.list,2021-03-26 11:35:41.627803,e7f90e91d64338f591ab0ee0
aadils.com,AVAILABILITY,domains.list,domains.list,2021-03-26 11:35:41.853462,e7f90e91d64338f591ab0ee0
aads.co.id,AVAILABILITY,domains.list,domains.list,2021-03-26 11:35:44.123844,e7f90e91d64338f591ab0ee0
aad-societies.com,AVAILABILITY,domains.list,domains.list,2021-03-26 11:35:44.349321,e7f90e91d64338f591ab0ee0
aafqgbgvabb.info,AVAILABILITY,domains.list,domains.list,2021-03-26 11:35:45.144930,e7f90e91d64338f591ab0ee0
aakashgangarealtors.com,AVAILABILITY,domains.list,domains.list,2021-03-26 11:35:45.972490,e7f90e91d64338f591ab0ee0
aakmanggalajogja.web.id,AVAILABILITY,domains.list,domains.list,2021-03-26 11:35:48.480560,e7f90e91d64338f591ab0ee0
aandrtrimming.com.au,AVAILABILITY,domains.list,domains.list,2021-03-26 11:35:49.323898,e7f90e91d64338f591ab0ee0
aaps2018.com,AVAILABILITY,domains.list,domains.list,2021-03-26 11:35:49.548708,e7f90e91d64338f591ab0ee0
aaradhyaestates.com,AVAILABILITY,domains.list,domains.list,2021-03-26 11:35:49.771470,e7f90e91d64338f591ab0ee0
aarenobrien.com,AVAILABILITY,domains.list,domains.list,2021-03-26 11:35:50.090500,e7f90e91d64338f591ab0ee0
aaron.fansju.com,AVAILABILITY,domains.list,domains.list,2021-03-26 11:35:50.975553,e7f90e91d64338f591ab0ee0
aaronzlight.com,AVAILABILITY,domains.list,domains.list,2021-03-26 11:35:51.200484,e7f90e91d64338f591ab0ee0
aarpeerubber.com,AVAILABILITY,domains.list,domains.list,2021-03-26 11:35:51.426692,e7f90e91d64338f591ab0ee0
aashenzhen.com,AVAILABILITY,domains.list,domains.list,2021-03-26 11:35:51.649404,e7f90e91d64338f591ab0ee0
aawesomename.xyz,AVAILABILITY,domains.list,domains.list,2021-03-26 11:35:52.630531,e7f90e91d64338f591ab0ee0
ab3xw6ui5q.aarpeerubber.com,AVAILABILITY,domains.list,domains.list,2021-03-26 11:35:53.588745,e7f90e91d64338f591ab0ee0
ab.itbaribd.com,AVAILABILITY,domains.list,domains.list,2021-03-26 11:35:54.274428,e7f90e91d64338f591ab0ee0
ababaloka.com,AVAILABILITY,domains.list,domains.list,2021-03-26 11:35:54.943446,e7f90e91d64338f591ab0ee0
ababy.dragon.uaezvcvs.tk,AVAILABILITY,domains.list,domains.list,2021-03-26 11:35:56.893273,e7f90e91d64338f591ab0ee0
abadhya.com,AVAILABILITY,domains.list,domains.list,2021-03-26 11:35:57.221980,e7f90e91d64338f591ab0ee0
abandonedminesafrica.org,AVAILABILITY,domains.list,domains.list,2021-03-26 11:35:57.448987,e7f90e91d64338f591ab0ee0
a-bankieren.com,AVAILABILITY,domains.list,domains.list,2021-03-26 11:35:58.079979,e7f90e91d64338f591ab0ee0
abaselectric.com,AVAILABILITY,domains.list,domains.list,2021-03-26 11:35:58.398118,e7f90e91d64338f591ab0ee0
abatakindergarten.com,AVAILABILITY,domains.list,domains.list,2021-03-26 11:35:58.620540,e7f90e91d64338f591ab0ee0
abbyspanties.com,AVAILABILITY,domains.list,domains.list,2021-03-26 11:35:58.846711,e7f90e91d64338f591ab0ee0
abc.yuedea.com,AVAILABILITY,domains.list,domains.list,2021-03-26 11:35:59.162183,e7f90e91d64338f591ab0ee0
abc-check.com,AVAILABILITY,domains.list,domains.list,2021-03-26 11:35:59.719242,e7f90e91d64338f591ab0ee0
abccomputer.co.tz,AVAILABILITY,domains.list,domains.list,2021-03-26 11:35:59.944270,e7f90e91d64338f591ab0ee0
abcdmorgans.ml,AVAILABILITY,domains.list,domains.list,2021-03-26 11:36:02.839910,e7f90e91d64338f591ab0ee0
abcgrafiketiket.com,AVAILABILITY,domains.list,domains.list,2021-03-26 11:36:03.062749,e7f90e91d64338f591ab0ee0
abcmlm.com,AVAILABILITY,domains.list,domains.list,2021-03-26 11:36:03.451687,e7f90e91d64338f591ab0ee0
abcommunication.it,AVAILABILITY,domains.list,domains.list,2021-03-26 11:36:03.677967,e7f90e91d64338f591ab0ee0
abconstructions.us,AVAILABILITY,domains.list,domains.list,2021-03-26 11:36:04.462801,e7f90e91d64338f591ab0ee0
abdcbuae.com,AVAILABILITY,domains.list,domains.list,2021-03-26 11:36:04.693024,e7f90e91d64338f591ab0ee0
abdel.wpdevcloud.com,AVAILABILITY,domains.list,domains.list,2021-03-26 11:36:05.213939,e7f90e91d64338f591ab0ee0
abdoufes.webstarterz.com,AVAILABILITY,domains.list,domains.list,2021-03-26 11:36:07.656876,e7f90e91d64338f591ab0ee0
abdulkalamsdream.org,AVAILABILITY,domains.list,domains.list,2021-03-26 11:36:07.884103,e7f90e91d64338f591ab0ee0
abeate.ml,AVAILABILITY,domains.list,domains.list,2021-03-26 11:36:10.449615,e7f90e91d64338f591ab0ee0
abejaproducciones.com,AVAILABILITY,domains.list,domains.list,2021-03-26 11:36:11.119673,e7f90e91d64338f591ab0ee0
abenteuer-berge.com,AVAILABILITY,domains.list,domains.list,2021-03-26 11:36:11.386503,e7f90e91d64338f591ab0ee0
abermay.com,AVAILABILITY,domains.list,domains.list,2021-03-26 11:36:11.608562,e7f90e91d64338f591ab0ee0
abexerciserreviews.com,AVAILABILITY,domains.list,domains.list,2021-03-26 11:36:12.172075,e7f90e91d64338f591ab0ee0
abfautos.net,AVAILABILITY,domains.list,domains.list,2021-03-26 11:36:12.822587,e7f90e91d64338f591ab0ee0
abgreen.com.br,AVAILABILITY,domains.list,domains.list,2021-03-26 11:36:13.049005,e7f90e91d64338f591ab0ee0
abidekha.usa.cc,AVAILABILITY,domains.list,domains.list,2021-03-26 11:36:13.601931,e7f90e91d64338f591ab0ee0
abidetechnical.com,AVAILABILITY,domains.list,domains.list,2021-03-26 11:36:13.827984,e7f90e91d64338f591ab0ee0
abilitycorpsolutions.com,AVAILABILITY,domains.list,domains.list,2021-03-26 11:36:14.429067,e7f90e91d64338f591ab0ee0
abin123123.000webhostapp.com,AVAILABILITY,domains.list,domains.list,2021-03-26 11:36:15.054012,e7f90e91d64338f591ab0ee0
abingmanayon.us.kzpcmad.tk,AVAILABILITY,domains.list,domains.list,2021-03-26 11:36:17.037123,e7f90e91d64338f591ab0ee0
abiok.usa.cc,AVAILABILITY,domains.list,domains.list,2021-03-26 11:36:17.505445,e7f90e91d64338f591ab0ee0
abiride.com,AVAILABILITY,domains.list,domains.list,2021-03-26 11:36:18.092658,e7f90e91d64338f591ab0ee0
abisorteo.webcindario.com,AVAILABILITY,domains.list,domains.list,2021-03-26 11:36:18.427157,e7f90e91d64338f591ab0ee0
ablabels.com,AVAILABILITY,domains.list,domains.list,2021-03-26 11:36:18.651482,e7f90e91d64338f591ab0ee0
ablegates.co.za,AVAILABILITY,domains.list,domains.list,2021-03-26 11:36:18.874497,e7f90e91d64338f591ab0ee0
ablegod.000webhostapp.com,AVAILABILITY,domains.list,domains.list,2021-03-26 11:36:19.980987,e7f90e91d64338f591ab0ee0
ablelectronics.pw,AVAILABILITY,domains.list,domains.list,2021-03-26 11:36:20.935524,e7f90e91d64338f591ab0ee0
ablerefrigeration.com,AVAILABILITY,domains.list,domains.list,2021-03-26 11:36:21.218290,e7f90e91d64338f591ab0ee0
ablogaboutsomething.com,AVAILABILITY,domains.list,domains.list,2021-03-26 11:36:21.447007,e7f90e91d64338f591ab0ee0
abogadobarcelona.com.es,AVAILABILITY,domains.list,domains.list,2021-03-26 11:36:22.088383,e7f90e91d64338f591ab0ee0
abond.net,AVAILABILITY,domains.list,domains.list,2021-03-26 11:36:22.365118,e7f90e91d64338f591ab0ee0
abonne-mobilefree-fr.info,AVAILABILITY,domains.list,domains.list,2021-03-26 11:36:22.908679,e7f90e91d64338f591ab0ee0
abonosvivos.net,AVAILABILITY,domains.list,domains.list,2021-03-26 11:36:23.580862,e7f90e91d64338f591ab0ee0
abosc.com.br,AVAILABILITY,domains.list,domains.list,2021-03-26 11:36:23.802324,e7f90e91d64338f591ab0ee0
abother.org,AVAILABILITY,domains.list,domains.list,2021-03-26 11:36:24.215869,e7f90e91d64338f591ab0ee0
aboukangaz.com,AVAILABILITY,domains.list,domains.list,2021-03-26 11:36:24.900295,e7f90e91d64338f591ab0ee0
aboutsignis.com,AVAILABILITY,domains.list,domains.list,2021-03-26 11:36:25.464414,e7f90e91d64338f591ab0ee0
abpmanpower.com,AVAILABILITY,domains.list,domains.list,2021-03-26 11:36:26.071966,e7f90e91d64338f591ab0ee0
abpressclub.com,AVAILABILITY,domains.list,domains.list,2021-03-26 11:36:26.334811,e7f90e91d64338f591ab0ee0
abrazadosporcristo.com,AVAILABILITY,domains.list,domains.list,2021-03-26 11:36:26.922860,e7f90e91d64338f591ab0ee0
ab-reference-id-number-8697.epkphotography.com,AVAILABILITY,domains.list,domains.list,2021-03-26 11:36:27.448870,e7f90e91d64338f591ab0ee0
abrfengineering.com,AVAILABILITY,domains.list,domains.list,2021-03-26 11:36:28.064254,e7f90e91d64338f591ab0ee0
abrightideacompany.com,AVAILABILITY,domains.list,domains.list,2021-03-26 11:36:28.324952,e7f90e91d64338f591ab0ee0
absabanking.igatha.com,AVAILABILITY,domains.list,domains.list,2021-03-26 11:36:29.018602,e7f90e91d64338f591ab0ee0
absabankonline.whybrid.visioncare.biz,AVAILABILITY,domains.list,domains.list,2021-03-26 11:36:29.898922,e7f90e91d64338f591ab0ee0
absabmarketing.com,AVAILABILITY,domains.list,domains.list,2021-03-26 11:36:30.124812,e7f90e91d64338f591ab0ee0
abscobooks.com,AVAILABILITY,domains.list,domains.list,2021-03-26 11:36:30.348661,e7f90e91d64338f591ab0ee0
absoluteagogo.com,AVAILABILITY,domains.list,domains.list,2021-03-26 11:36:30.571602,e7f90e91d64338f591ab0ee0
absop.academy,AVAILABILITY,domains.list,domains.list,2021-03-26 11:36:31.323408,e7f90e91d64338f591ab0ee0
absotecshop.com,AVAILABILITY,domains.list,domains.list,2021-03-26 11:36:31.552573,e7f90e91d64338f591ab0ee0
abtokisikaypas.com,AVAILABILITY,domains.list,domains.list,2021-03-26 11:36:32.251825,e7f90e91d64338f591ab0ee0
abundantliferesources.in,AVAILABILITY,domains.list,domains.list,2021-03-26 11:36:33.322509,e7f90e91d64338f591ab0ee0
abyzam.com,AVAILABILITY,domains.list,domains.list,2021-03-26 11:36:33.914508,e7f90e91d64338f591ab0ee0
acacacukserver.000webhostapp.com,AVAILABILITY,domains.list,domains.list,2021-03-26 11:36:35.031478,e7f90e91d64338f591ab0ee0
academiajuvenil.com,AVAILABILITY,domains.list,domains.list,2021-03-26 11:36:35.788433,e7f90e91d64338f591ab0ee0
academicplc.panyapiwat.ac.th,AVAILABILITY,domains.list,domains.list,2021-03-26 11:36:37.617799,e7f90e91d64338f591ab0ee0
academic-reading.com,AVAILABILITY,domains.list,domains.list,2021-03-26 11:36:37.844698,e7f90e91d64338f591ab0ee0
academicsys.top,AVAILABILITY,domains.list,domains.list,2021-03-26 11:36:44.181061,e7f90e91d64338f591ab0ee0
academiebooks.org,AVAILABILITY,domains.list,domains.list,2021-03-26 11:36:44.515841,e7f90e91d64338f591ab0ee0
a-cave.net,AVAILABILITY,domains.list,domains.list,2021-03-26 11:36:44.743128,e7f90e91d64338f591ab0ee0
acbookmacbookstoree.com,AVAILABILITY,domains.list,domains.list,2021-03-26 11:36:45.461192,e7f90e91d64338f591ab0ee0
accaccessvalidation.com,AVAILABILITY,domains.list,domains.list,2021-03-26 11:36:46.072211,e7f90e91d64338f591ab0ee0
accademianazionalevirgiliana.org,AVAILABILITY,domains.list,domains.list,2021-03-26 11:36:46.439594,e7f90e91d64338f591ab0ee0
accadian-lumps.000webhostapp.com,AVAILABILITY,domains.list,domains.list,2021-03-26 11:36:47.368592,e7f90e91d64338f591ab0ee0
acccountpage1222.confrimsuportfanpage9888.cf,AVAILABILITY,domains.list,domains.list,2021-03-26 11:36:50.145701,e7f90e91d64338f591ab0ee0
acccount-req11s.regis-fanpage1.ml,AVAILABILITY,domains.list,domains.list,2021-03-26 11:36:52.272104,e7f90e91d64338f591ab0ee0
acc-craigslist-conf.manopam.com,AVAILABILITY,domains.list,domains.list,2021-03-26 11:36:52.606431,e7f90e91d64338f591ab0ee0
accentumbrella.com,AVAILABILITY,domains.list,domains.list,2021-03-26 11:36:52.832232,e7f90e91d64338f591ab0ee0
acces.hub-login.com,AVAILABILITY,domains.list,domains.list,2021-03-26 11:36:53.316940,e7f90e91d64338f591ab0ee0
accesd.desjard-validation.com,AVAILABILITY,domains.list,domains.list,2021-03-26 11:36:53.830591,e7f90e91d64338f591ab0ee0
accesd.verification-desj.com,AVAILABILITY,domains.list,domains.list,2021-03-26 11:36:54.317413,e7f90e91d64338f591ab0ee0
accesoriaintegral.com.mx,AVAILABILITY,domains.list,domains.list,2021-03-26 11:36:54.545150,e7f90e91d64338f591ab0ee0
accesoriosmarinos.com,AVAILABILITY,domains.list,domains.list,2021-03-26 11:36:54.908240,e7f90e91d64338f591ab0ee0
acces-referencement.fr,AVAILABILITY,domains.list,domains.list,2021-03-26 11:36:55.134554,e7f90e91d64338f591ab0ee0
accesscitg-pb.com,AVAILABILITY,domains.list,domains.list,2021-03-26 11:36:55.707061,e7f90e91d64338f591ab0ee0
accessdocument.info,AVAILABILITY,domains.list,domains.list,2021-03-26 11:36:56.542922,e7f90e91d64338f591ab0ee0
accessinternetuserapp.gotdns.org,AVAILABILITY,domains.list,domains.list,2021-03-26 11:36:58.178933,e7f90e91d64338f591ab0ee0
accessnat-wtb.com,AVAILABILITY,domains.list,domains.list,2021-03-26 11:36:58.799872,e7f90e91d64338f591ab0ee0
accessonline.icu,AVAILABILITY,domains.list,domains.list,2021-03-26 11:36:59.411229,e7f90e91d64338f591ab0ee0
accessonline.tk,AVAILABILITY,domains.list,domains.list,2021-03-26 11:37:02.013988,e7f90e91d64338f591ab0ee0
accessrealtyco.com,AVAILABILITY,domains.list,domains.list,2021-03-26 11:37:02.298122,e7f90e91d64338f591ab0ee0
accessrequired-fraudavoidance.com,AVAILABILITY,domains.list,domains.list,2021-03-26 11:37:02.761570,e7f90e91d64338f591ab0ee0
access-security-account.com,AVAILABILITY,domains.list,domains.list,2021-03-26 11:37:02.993731,e7f90e91d64338f591ab0ee0
access-set-verify-info-updat.ga,AVAILABILITY,domains.list,domains.list,2021-03-26 11:37:04.686116,e7f90e91d64338f591ab0ee0
accessuserinfosecureapp.is-found.org,AVAILABILITY,domains.list,domains.list,2021-03-26 11:37:06.271239,e7f90e91d64338f591ab0ee0
accessweb.co,AVAILABILITY,domains.list,domains.list,2021-03-26 11:37:06.647962,e7f90e91d64338f591ab0ee0
accfb.000webhostapp.com,AVAILABILITY,domains.list,domains.list,2021-03-26 11:37:07.357764,e7f90e91d64338f591ab0ee0
acckkl.com,AVAILABILITY,domains.list,domains.list,2021-03-26 11:37:08.003971,e7f90e91d64338f591ab0ee0
acclimites.net,AVAILABILITY,domains.list,domains.list,2021-03-26 11:37:08.702295,e7f90e91d64338f591ab0ee0
acclimithelp.net,AVAILABILITY,domains.list,domains.list,2021-03-26 11:37:09.294612,e7f90e91d64338f591ab0ee0
accnservice.net,AVAILABILITY,domains.list,domains.list,2021-03-26 11:37:09.872074,e7f90e91d64338f591ab0ee0
accofellow.com,AVAILABILITY,domains.list,domains.list,2021-03-26 11:37:10.433987,e7f90e91d64338f591ab0ee0
accommodatingbeauty.com,AVAILABILITY,domains.list,domains.list,2021-03-26 11:37:10.979812,e7f90e91d64338f591ab0ee0
accontrecover9834.000webhostapp.com,AVAILABILITY,domains.list,domains.list,2021-03-26 11:37:12.273358,e7f90e91d64338f591ab0ee0
accoun1q.beget.tech,AVAILABILITY,domains.list,domains.list,2021-03-26 11:37:15.176311,e7f90e91d64338f591ab0ee0
accounnk.beget.tech,AVAILABILITY,domains.list,domains.list,2021-03-26 11:37:16.952702,e7f90e91d64338f591ab0ee0
accounsystemverificationppal.com,AVAILABILITY,domains.list,domains.list,2021-03-26 11:37:17.552401,e7f90e91d64338f591ab0ee0
account1-limited-update.com,AVAILABILITY,domains.list,domains.list,2021-03-26 11:37:18.016417,e7f90e91d64338f591ab0ee0
account1lmited.ga,AVAILABILITY,domains.list,domains.list,2021-03-26 11:37:20.221551,e7f90e91d64338f591ab0ee0
account1ocked-secure-myverify.com,AVAILABILITY,domains.list,domains.list,2021-03-26 11:37:20.737626,e7f90e91d64338f591ab0ee0
account4support.com,AVAILABILITY,domains.list,domains.list,2021-03-26 11:37:21.495151,e7f90e91d64338f591ab0ee0
account-2018.000webhostapp.com,AVAILABILITY,domains.list,domains.list,2021-03-26 11:37:22.323016,e7f90e91d64338f591ab0ee0
account.connect-appleid.com.manilva.ws,AVAILABILITY,domains.list,domains.list,2021-03-26 11:37:23.713067,e7f90e91d64338f591ab0ee0
account.details.upgrade.helpdata.information.center.security.service.protection.ecospringsmelbourne.com,AVAILABILITY,domains.list,domains.list,2021-03-26 11:37:47.990951,e7f90e91d64338f591ab0ee0
account.exactah.com,AVAILABILITY,domains.list,domains.list,2021-03-26 11:37:48.471260,e7f90e91d64338f591ab0ee0
account.information.frozen.kojidigital.com,AVAILABILITY,domains.list,domains.list,2021-03-26 11:37:49.571988,e7f90e91d64338f591ab0ee0
account.microsoft.login.secure.verification.online.001.027.039.sindibae.cl,AVAILABILITY,domains.list,domains.list,2021-03-26 11:37:50.729056,e7f90e91d64338f591ab0ee0
account.paypal.gtfishingschool.com.au,AVAILABILITY,domains.list,domains.list,2021-03-26 11:37:53.636433,e7f90e91d64338f591ab0ee0
account.paypal-inc.tribesiren.com,AVAILABILITY,domains.list,domains.list,2021-03-26 11:37:54.089308,e7f90e91d64338f591ab0ee0
account.personel-information.com,AVAILABILITY,domains.list,domains.list,2021-03-26 11:37:54.584830,e7f90e91d64338f591ab0ee0
account.valide.checker.automatique.payverif.com,AVAILABILITY,domains.list,domains.list,2021-03-26 11:37:55.138847,e7f90e91d64338f591ab0ee0
account-acces-security.com,AVAILABILITY,domains.list,domains.list,2021-03-26 11:37:55.403977,e7f90e91d64338f591ab0ee0
account-appleclub-information.com,AVAILABILITY,domains.list,domains.list,2021-03-26 11:37:55.986696,e7f90e91d64338f591ab0ee0
account-center.000webhostapp.com,AVAILABILITY,domains.list,domains.list,2021-03-26 11:37:57.557575,e7f90e91d64338f591ab0ee0
account-chek-police.000webhostapp.com,AVAILABILITY,domains.list,domains.list,2021-03-26 11:37:58.489584,e7f90e91d64338f591ab0ee0
account-cl.org,AVAILABILITY,domains.list,domains.list,2021-03-26 11:37:59.153438,e7f90e91d64338f591ab0ee0
account-facebook-security.com,AVAILABILITY,domains.list,domains.list,2021-03-26 11:37:59.680345,e7f90e91d64338f591ab0ee0
account-google-com.ngate.my,AVAILABILITY,domains.list,domains.list,2021-03-26 11:38:12.645874,e7f90e91d64338f591ab0ee0
accountidhelponline.com,AVAILABILITY,domains.list,domains.list,2021-03-26 11:38:13.201677,e7f90e91d64338f591ab0ee0
accountidinfo.com,AVAILABILITY,domains.list,domains.list,2021-03-26 11:38:13.804037,e7f90e91d64338f591ab0ee0
accountidinfo.info,AVAILABILITY,domains.list,domains.list,2021-03-26 11:38:14.394608,e7f90e91d64338f591ab0ee0
accountidlimit.com,AVAILABILITY,domains.list,domains.list,2021-03-26 11:38:14.991277,e7f90e91d64338f591ab0ee0
accountidlimitinfoonline.com,AVAILABILITY,domains.list,domains.list,2021-03-26 11:38:15.578312,e7f90e91d64338f591ab0ee0
accountid-secure-signin.com-service-userid-authentication.com,AVAILABILITY,domains.list,domains.list,2021-03-26 11:38:16.043082,e7f90e91d64338f591ab0ee0
accountinc.site,AVAILABILITY,domains.list,domains.list,2021-03-26 11:38:17.156716,e7f90e91d64338f591ab0ee0
accountinforamtions-secure-appleid.com,AVAILABILITY,domains.list,domains.list,2021-03-26 11:38:17.669390,e7f90e91d64338f591ab0ee0
account-informations-support.info,AVAILABILITY,domains.list,domains.list,2021-03-26 11:38:18.344602,e7f90e91d64338f591ab0ee0
account-informationsupport.com,AVAILABILITY,domains.list,domains.list,2021-03-26 11:38:18.574959,e7f90e91d64338f591ab0ee0
accounting.ceramikaczary.pl,AVAILABILITY,domains.list,domains.list,2021-03-26 11:38:33.562920,e7f90e91d64338f591ab0ee0
account-in-resolution.com,AVAILABILITY,domains.list,domains.list,2021-03-26 11:38:33.791466,e7f90e91d64338f591ab0ee0
account-internal.info,AVAILABILITY,domains.list,domains.list,2021-03-26 11:38:35.513145,e7f90e91d64338f591ab0ee0
account-joined.online,AVAILABILITY,domains.list,domains.list,2021-03-26 11:38:36.320959,e7f90e91d64338f591ab0ee0
account-joins.online,AVAILABILITY,domains.list,domains.list,2021-03-26 11:38:37.511200,e7f90e91d64338f591ab0ee0
accountjoins.org,AVAILABILITY,domains.list,domains.list,2021-03-26 11:38:38.406993,e7f90e91d64338f591ab0ee0
account-limited1-update.online,AVAILABILITY,domains.list,domains.list,2021-03-26 11:38:39.265375,e7f90e91d64338f591ab0ee0
account-limited-ticket-10212139.smtp2ggs.beget.tech,AVAILABILITY,domains.list,domains.list,2021-03-26 11:38:41.106919,e7f90e91d64338f591ab0ee0
account-limted-info.ml,AVAILABILITY,domains.list,domains.list,2021-03-26 11:38:43.736325,e7f90e91d64338f591ab0ee0
account-limted-info.tk,AVAILABILITY,domains.list,domains.list,2021-03-26 11:38:45.462609,e7f90e91d64338f591ab0ee0
account-limted-restro.gq,AVAILABILITY,domains.list,domains.list,2021-03-26 11:38:47.536037,e7f90e91d64338f591ab0ee0
account-locked-service-information-update.com,AVAILABILITY,domains.list,domains.list,2021-03-26 11:38:48.148498,e7f90e91d64338f591ab0ee0
account-login-apple-appleid.com,AVAILABILITY,domains.list,domains.list,2021-03-26 11:38:48.610352,e7f90e91d64338f591ab0ee0
account-login-com.tication.re-secure-login-details.pathauth-auth.netgeoserversg.com,AVAILABILITY,domains.list,domains.list,2021-03-26 11:38:49.045325,e7f90e91d64338f591ab0ee0
account-login-dashboard.account-resolvewebappsinc.com,AVAILABILITY,domains.list,domains.list,2021-03-26 11:38:49.477168,e7f90e91d64338f591ab0ee0
account-loginx.com,AVAILABILITY,domains.list,domains.list,2021-03-26 11:38:50.001831,e7f90e91d64338f591ab0ee0
accountpaginas.000webhostapp.com,AVAILABILITY,domains.list,domains.list,2021-03-26 11:38:51.034775,e7f90e91d64338f591ab0ee0
account-recovery-information.com,AVAILABILITY,domains.list,domains.list,2021-03-26 11:38:51.569061,e7f90e91d64338f591ab0ee0
account-resolvewebappsinc.com,AVAILABILITY,domains.list,domains.list,2021-03-26 11:38:52.120073,e7f90e91d64338f591ab0ee0
account-restro-info.cf,AVAILABILITY,domains.list,domains.list,2021-03-26 11:38:58.895879,e7f90e91d64338f591ab0ee0
account-restro-limted.cf,AVAILABILITY,domains.list,domains.list,2021-03-26 11:39:06.424919,e7f90e91d64338f591ab0ee0
account-restro-limted.ml,AVAILABILITY,domains.list,domains.list,2021-03-26 11:39:08.791669,e7f90e91d64338f591ab0ee0
accounts2133manageidverifywebappid.com,AVAILABILITY,domains.list,domains.list,2021-03-26 11:39:09.547122,e7f90e91d64338f591ab0ee0
accounts.apple.securelink.auh1.com,AVAILABILITY,domains.list,domains.list,2021-03-26 11:39:11.452707,e7f90e91d64338f591ab0ee0
accounts.checking.capital-one.secur-e.infos.osbirigui.com.br,AVAILABILITY,domains.list,domains.list,2021-03-26 11:39:12.309560,e7f90e91d64338f591ab0ee0
accounts.craigslist.org.svrrc.com,AVAILABILITY,domains.list,domains.list,2021-03-26 11:39:12.917425,e7f90e91d64338f591ab0ee0
accounts.craigslist.org-securelogin.viewpostid8162-bmayeo-carsandtrucks.evamata.com,AVAILABILITY,domains.list,domains.list,2021-03-26 11:39:13.539765,e7f90e91d64338f591ab0ee0
accounts.google.c0m.juhaszpiroska.hu,AVAILABILITY,domains.list,domains.list,2021-03-26 11:39:14.847145,e7f90e91d64338f591ab0ee0
accounts.renewal-user.com,AVAILABILITY,domains.list,domains.list,2021-03-26 11:39:15.339633,e7f90e91d64338f591ab0ee0
accounts-adlwords.info,AVAILABILITY,domains.list,domains.list,2021-03-26 11:39:16.022859,e7f90e91d64338f591ab0ee0
accounts-adworlds.info,AVAILABILITY,domains.list,domains.list,2021-03-26 11:39:17.107170,e7f90e91d64338f591ab0ee0
accountsbilling-resolve.com,AVAILABILITY,domains.list,domains.list,2021-03-26 11:39:17.336522,e7f90e91d64338f591ab0ee0
accounts-cleim.000webhostapp.com,AVAILABILITY,domains.list,domains.list,2021-03-26 11:39:18.912608,e7f90e91d64338f591ab0ee0
accounts-cp85.webprestashop.com,AVAILABILITY,domains.list,domains.list,2021-03-26 11:39:19.560269,e7f90e91d64338f591ab0ee0
account-secure.support-service.shop,AVAILABILITY,domains.list,domains.list,2021-03-26 11:39:23.747877,e7f90e91d64338f591ab0ee0
accountsecure.xyz,AVAILABILITY,domains.list,domains.list,2021-03-26 11:39:23.982943,e7f90e91d64338f591ab0ee0
account-secure-support-adobe.herokuapp.com,AVAILABILITY,domains.list,domains.list,2021-03-26 11:39:24.477104,e7f90e91d64338f591ab0ee0
account-security-centre05032018.000webhostapp.com,AVAILABILITY,domains.list,domains.list,2021-03-26 11:39:25.706264,e7f90e91d64338f591ab0ee0
account-security-centre17022018.000webhostapp.com,AVAILABILITY,domains.list,domains.list,2021-03-26 11:39:26.635279,e7f90e91d64338f591ab0ee0
account-security-centre19022018.000webhostapp.com,AVAILABILITY,domains.list,domains.list,2021-03-26 11:39:27.652587,e7f90e91d64338f591ab0ee0
account-security-centre20181712.000webhostapp.com,AVAILABILITY,domains.list,domains.list,2021-03-26 11:39:28.733674,e7f90e91d64338f591ab0ee0
account-security-centre22022018.000webhostapp.com,AVAILABILITY,domains.list,domains.list,2021-03-26 11:39:29.750922,e7f90e91d64338f591ab0ee0
account-security-confirmation-sms.wfb-contact.xyz,AVAILABILITY,domains.list,domains.list,2021-03-26 11:39:30.419632,e7f90e91d64338f591ab0ee0
account-security-information.usabpoinc.com,AVAILABILITY,domains.list,domains.list,2021-03-26 11:39:41.577878,e7f90e91d64338f591ab0ee0
accountsefty.net,AVAILABILITY,domains.list,domains.list,2021-03-26 11:39:42.404374,e7f90e91d64338f591ab0ee0
accountsefty.org,AVAILABILITY,domains.list,domains.list,2021-03-26 11:39:42.792691,e7f90e91d64338f591ab0ee0
account-serivce.com,AVAILABILITY,domains.list,domains.list,2021-03-26 11:39:43.310823,e7f90e91d64338f591ab0ee0
account-service-information.com,AVAILABILITY,domains.list,domains.list,2021-03-26 11:39:43.831009,e7f90e91d64338f591ab0ee0
account-service-update.com,AVAILABILITY,domains.list,domains.list,2021-03-26 11:39:44.346476,e7f90e91d64338f591ab0ee0
accountsglenbrook225.org,AVAILABILITY,domains.list,domains.list,2021-03-26 11:39:46.888088,e7f90e91d64338f591ab0ee0
accountsguru.info,AVAILABILITY,domains.list,domains.list,2021-03-26 11:39:47.221794,e7f90e91d64338f591ab0ee0
accounts-joined.online,AVAILABILITY,domains.list,domains.list,2021-03-26 11:39:48.074632,e7f90e91d64338f591ab0ee0
accounts-limitations-update.com,AVAILABILITY,domains.list,domains.list,2021-03-26 11:39:48.549002,e7f90e91d64338f591ab0ee0
accountslogs.com,AVAILABILITY,domains.list,domains.list,2021-03-26 11:39:48.779754,e7f90e91d64338f591ab0ee0
accountsmages.dotcloudapp.com,AVAILABILITY,domains.list,domains.list,2021-03-26 11:39:50.048541,e7f90e91d64338f591ab0ee0
account-statusupdate.com,AVAILABILITY,domains.list,domains.list,2021-03-26 11:39:50.280444,e7f90e91d64338f591ab0ee0
account-storesrer.com,AVAILABILITY,domains.list,domains.list,2021-03-26 11:39:50.821477,e7f90e91d64338f591ab0ee0
account-summary-update.info,AVAILABILITY,domains.list,domains.list,2021-03-26 11:39:51.510307,e7f90e91d64338f591ab0ee0
accounts-update.com,AVAILABILITY,domains.list,domains.list,2021-03-26 11:39:51.738503,e7f90e91d64338f591ab0ee0
accounts-updates-link.com,AVAILABILITY,domains.list,domains.list,2021-03-26 11:39:52.252682,e7f90e91d64338f591ab0ee0
account-support-paypal.com,AVAILABILITY,domains.list,domains.list,2021-03-26 11:39:52.518434,e7f90e91d64338f591ab0ee0
account-support-pending.com,AVAILABILITY,domains.list,domains.list,2021-03-26 11:39:52.748812,e7f90e91d64338f591ab0ee0
account-suspend-order.com,AVAILABILITY,domains.list,domains.list,2021-03-26 11:39:53.302819,e7f90e91d64338f591ab0ee0
accounts-verification.xyz,AVAILABILITY,domains.list,domains.list,2021-03-26 11:39:54.436818,e7f90e91d64338f591ab0ee0
accountsw-adwordse.info,AVAILABILITY,domains.list,domains.list,2021-03-26 11:39:55.029953,e7f90e91d64338f591ab0ee0
account-unlock.xyz,AVAILABILITY,domains.list,domains.list,2021-03-26 11:39:55.259849,e7f90e91d64338f591ab0ee0
account-update0013.tk,AVAILABILITY,domains.list,domains.list,2021-03-26 11:39:57.101370,e7f90e91d64338f591ab0ee0
accountupdate.ltd,AVAILABILITY,domains.list,domains.list,2021-03-26 11:39:58.171417,e7f90e91d64338f591ab0ee0
accountupdate-information-security-access.com,AVAILABILITY,domains.list,domains.list,2021-03-26 11:39:58.805374,e7f90e91d64338f591ab0ee0
accountupdate-td.eu,AVAILABILITY,domains.list,domains.list,2021-03-26 11:39:59.557964,e7f90e91d64338f591ab0ee0
account-validation.services,AVAILABILITY,domains.list,domains.list,2021-03-26 11:40:00.311754,e7f90e91d64338f591ab0ee0
account-validation.top,AVAILABILITY,domains.list,domains.list,2021-03-26 11:40:07.020853,e7f90e91d64338f591ab0ee0
account-verfication.tk,AVAILABILITY,domains.list,domains.list,2021-03-26 11:40:08.934496,e7f90e91d64338f591ab0ee0
account-verification-account.aba.ae,AVAILABILITY,domains.list,domains.list,2021-03-26 11:40:09.540805,e7f90e91d64338f591ab0ee0
account-verifier-now.howtovideomarketing.com,AVAILABILITY,domains.list,domains.list,2021-03-26 11:40:09.960960,e7f90e91d64338f591ab0ee0
accountverify.gq,AVAILABILITY,domains.list,domains.list,2021-03-26 11:40:11.906991,e7f90e91d64338f591ab0ee0
account-web.com,AVAILABILITY,domains.list,domains.list,2021-03-26 11:40:12.173723,e7f90e91d64338f591ab0ee0
accountwrinformatioane.info,AVAILABILITY,domains.list,domains.list,2021-03-26 11:40:13.020386,e7f90e91d64338f591ab0ee0
accou-support.tech,AVAILABILITY,domains.list,domains.list,2021-03-26 11:40:19.031684,e7f90e91d64338f591ab0ee0
acc-service-center.online,AVAILABILITY,domains.list,domains.list,2021-03-26 11:40:19.949328,e7f90e91d64338f591ab0ee0
acc-service-info.nu,AVAILABILITY,domains.list,domains.list,2021-03-26 11:40:21.287920,e7f90e91d64338f591ab0ee0
accs-service-support.biz,AVAILABILITY,domains.list,domains.list,2021-03-26 11:40:21.942155,e7f90e91d64338f591ab0ee0
acc-supportera.de,AVAILABILITY,domains.list,domains.list,2021-03-26 11:40:23.306610,e7f90e91d64338f591ab0ee0
acctnotice404.000webhostapp.com,AVAILABILITY,domains.list,domains.list,2021-03-26 11:40:24.387357,e7f90e91d64338f591ab0ee0
