idna_subject,checker_type,destination,tested_at
0ff.bz,AVAILABILITY,domains.list,2021-03-26 11:25:26.374244
0jaqkuc24kdjvpgdc8va.littlematchagirl.com.au,AVAILABILITY,domains.list,2021-03-26 11:25:27.331700
0000mps.webpreview.dsl.net,AVAILABILITY,domains.list,2021-03-26 11:25:31.707983
0nline.23welsfargo39.com.al4all.co.za,AVAILABILITY,domains.list,2021-03-26 11:25:32.909388
0range-espaceclient.particuliersw2.fr,AVAILABILITY,domains.list,2021-03-26 11:25:39.083282
0rvcr9ahvnueb4f1la4u.littlematchagirl.com.au,AVAILABILITY,domains.list,2021-03-26 11:25:39.678872
0tzg4irsuabvucpvw937.littlematchagirl.com.au,AVAILABILITY,domains.list,2021-03-26 11:25:40.198092
0vm4hjvug772wnv8kuzj.cedricchenevert.com,AVAILABILITY,domains.list,2021-03-26 11:25:41.939592
0vm4hjvug772wnv8kuzj.mbservicesyorkshire.co.uk,AVAILABILITY,domains.list,2021-03-26 11:25:42.468525
0zrnafy0cm1cqvg3g6ey.littlematchagirl.com.au,AVAILABILITY,domains.list,2021-03-26 11:25:43.124291
1admalrop4da2ft.babicovydobroty-recepty.info,AVAILABILITY,domains.list,2021-03-26 11:25:44.137515
1ambu11.com,AVAILABILITY,domains.list,2021-03-26 11:25:44.641774
1a-teensbilder.de,AVAILABILITY,domains.list,2021-03-26 11:25:45.861187
1bancanetbanamex-ingreso.com,AVAILABILITY,domains.list,2021-03-26 11:25:47.022913
1bkeldneetdiq5vkcfax.littlematchagirl.com.au,AVAILABILITY,domains.list,2021-03-26 11:25:47.459342
1bm0-verified-identity8910.com,AVAILABILITY,domains.list,2021-03-26 11:25:49.154478
01bvxp4ze2.bradul.creatory.org,AVAILABILITY,domains.list,2021-03-26 11:25:49.924260
1enkk.online,AVAILABILITY,domains.list,2021-03-26 11:25:52.029483
1limited-account.cf,AVAILABILITY,domains.list,2021-03-26 11:26:02.198577
1minutelifehack.com,AVAILABILITY,domains.list,2021-03-26 11:26:03.013328
1myetherwallet.com,AVAILABILITY,domains.list,2021-03-26 11:26:03.610531
1-myetherwallet.com,AVAILABILITY,domains.list,2021-03-26 11:26:04.080384
1-myetherwallet.info,AVAILABILITY,domains.list,2021-03-26 11:26:04.730984
1myetherwallet.info,AVAILABILITY,domains.list,2021-03-26 11:26:05.407386
1myetherwallet.net,AVAILABILITY,domains.list,2021-03-26 11:26:05.884958
1nv0ic3r3plyn0wp4ym3nts3cur3.t-l-z-s-m.net,AVAILABILITY,domains.list,2021-03-26 11:26:06.505308
1royalbank-clientsupport.com,AVAILABILITY,domains.list,2021-03-26 11:26:07.536207
1royalrbcmonitoring-service.com,AVAILABILITY,domains.list,2021-03-26 11:26:08.052164
1royalrbcmonitoringservice.com,AVAILABILITY,domains.list,2021-03-26 11:26:08.607101
1saintanddier15-registrosj.com,AVAILABILITY,domains.list,2021-03-26 11:26:09.083411
1scologin-online.com,AVAILABILITY,domains.list,2021-03-26 11:26:09.503958
1scotia-verifications.com,AVAILABILITY,domains.list,2021-03-26 11:26:09.968870
1securitybmo.com,AVAILABILITY,domains.list,2021-03-26 11:26:10.527330
1xboum.top,AVAILABILITY,domains.list,2021-03-26 11:26:13.570937
1xbujq.top,AVAILABILITY,domains.list,2021-03-26 11:26:15.974689
1xbvdq.top,AVAILABILITY,domains.list,2021-03-26 11:26:21.677671
1xcge.top,AVAILABILITY,domains.list,2021-03-26 11:26:23.368658
1xcuq.top,AVAILABILITY,domains.list,2021-03-26 11:26:24.468409
1xgbu.top,AVAILABILITY,domains.list,2021-03-26 11:26:26.353197
1xgya.top,AVAILABILITY,domains.list,2021-03-26 11:26:28.222475
1xntg.top,AVAILABILITY,domains.list,2021-03-26 11:26:30.550235
1xqib.top,AVAILABILITY,domains.list,2021-03-26 11:26:32.438323
1xycg.top,AVAILABILITY,domains.list,2021-03-26 11:26:34.602235
1y614plpluk2lelfkn67.mbservicesyorkshire.co.uk,AVAILABILITY,domains.list,2021-03-26 11:26:35.393955
2bai8wb5d6.kenstewardministries.org,AVAILABILITY,domains.list,2021-03-26 11:26:36.467534
2-bit.net.ru,AVAILABILITY,domains.list,2021-03-26 11:26:39.220292
2bits.org.ru,AVAILABILITY,domains.list,2021-03-26 11:26:41.633706
2ciiz5gja8.bradul.creatory.org,AVAILABILITY,domains.list,2021-03-26 11:26:42.264311
2dehands-verificatie.be,AVAILABILITY,domains.list,2021-03-26 11:26:43.192012
2df455.petprince-vn.com,AVAILABILITY,domains.list,2021-03-26 11:26:43.575909
2m398bu923-rv-read.com,AVAILABILITY,domains.list,2021-03-26 11:26:44.721656
2nv-acc.online,AVAILABILITY,domains.list,2021-03-26 11:26:47.877589
2online-activation.net,AVAILABILITY,domains.list,2021-03-26 11:26:48.344083
2putra.id,AVAILABILITY,domains.list,2021-03-26 11:26:49.632936
02zps9iimwo9gukluvz8.littlematchagirl.com.au,AVAILABILITY,domains.list,2021-03-26 11:26:58.953125
3a5xghpiqvcgkushdv0p.businessrulesanalysis.com,AVAILABILITY,domains.list,2021-03-26 11:27:01.336819
3ddoedowzv.kvksangrur.com,AVAILABILITY,domains.list,2021-03-26 11:27:03.593469
3dsvc.com.br,AVAILABILITY,domains.list,2021-03-26 11:27:11.111014
3dyorking.com,AVAILABILITY,domains.list,2021-03-26 11:27:13.166270
3e3ex8zr4.cnrdn.com,AVAILABILITY,domains.list,2021-03-26 11:27:15.620328
3mcot5epaf9fsphdeehn.littlematchagirl.com.au,AVAILABILITY,domains.list,2021-03-26 11:27:22.618465
3mj8enkhutnhei5y0yls.littlematchagirl.com.au,AVAILABILITY,domains.list,2021-03-26 11:27:23.137057
3p4tvbi8wv.bradul.creatory.org,AVAILABILITY,domains.list,2021-03-26 11:27:23.765141
3simple-clics.com,AVAILABILITY,domains.list,2021-03-26 11:27:25.844370
3sixtyventure.com,AVAILABILITY,domains.list,2021-03-26 11:27:26.352606
3uhm9egl.myutilitydomain.com,AVAILABILITY,domains.list,2021-03-26 11:27:27.124506
4anfm.com,AVAILABILITY,domains.list,2021-03-26 11:27:28.377320
4bfhd.com,AVAILABILITY,domains.list,2021-03-26 11:27:29.039408
4jfkc.com,AVAILABILITY,domains.list,2021-03-26 11:27:32.148543
4squareisb.com,AVAILABILITY,domains.list,2021-03-26 11:27:36.737008
4vikingdrive.ml,AVAILABILITY,domains.list,2021-03-26 11:27:39.651685
4w5wihkwyhsav2ha.dreamtest.at,AVAILABILITY,domains.list,2021-03-26 11:27:40.194185
4x4led.co.il,AVAILABILITY,domains.list,2021-03-26 11:27:46.094465
5a8www.peoplepaxy.com,AVAILABILITY,domains.list,2021-03-26 11:27:58.754614
5bw.ru,AVAILABILITY,domains.list,2021-03-26 11:28:01.067021
5feataet.cf,AVAILABILITY,domains.list,2021-03-26 11:28:07.698170
5okgx6mdmcpxlpigapti.littlematchagirl.com.au,AVAILABILITY,domains.list,2021-03-26 11:28:08.125864
5thavenue.com.pk,AVAILABILITY,domains.list,2021-03-26 11:28:12.487114
6derbyshire.review,AVAILABILITY,domains.list,2021-03-26 11:28:17.643169
6f54654j654654hh.cloud,AVAILABILITY,domains.list,2021-03-26 11:28:18.238821
6gq2jtjbgnetygzgz1j1.littlematchagirl.com.au,AVAILABILITY,domains.list,2021-03-26 11:28:19.573094
6i7s83jk7q.kandisweets.com,AVAILABILITY,domains.list,2021-03-26 11:28:23.051149
6qbrxcchyely9xgsulhe.richambitions.co.uk,AVAILABILITY,domains.list,2021-03-26 11:28:25.983131
6qhzz.allvideos.keme.info,AVAILABILITY,domains.list,2021-03-26 11:28:27.675173
6ssaintandeer-servicios3n.com,AVAILABILITY,domains.list,2021-03-26 11:28:28.193416
6ssaintandeer-servicios18n.com,AVAILABILITY,domains.list,2021-03-26 11:28:28.602839
6zsslsvosk.bradul.creatory.org,AVAILABILITY,domains.list,2021-03-26 11:28:29.290914
7aisngyh91e-cpsess0671158385-id.tallercastillocr.com,AVAILABILITY,domains.list,2021-03-26 11:28:29.907990
7aznqtusju.bradul.creatory.org,AVAILABILITY,domains.list,2021-03-26 11:28:30.527008
7ehvqis3usuaj8in8rez.littlematchagirl.com.au,AVAILABILITY,domains.list,2021-03-26 11:28:32.598803
07f2kuc2szyosycbteg7.littlematchagirl.com.au,AVAILABILITY,domains.list,2021-03-26 11:28:33.290148
7speed.info,AVAILABILITY,domains.list,2021-03-26 11:28:34.527772
7your.ga,AVAILABILITY,domains.list,2021-03-26 11:28:36.040297
7yvvjhguu-b3.myjino.ru,AVAILABILITY,domains.list,2021-03-26 11:28:38.824837
8nhfjevdflfdgiyqsuu6.mbservicesyorkshire.co.uk,AVAILABILITY,domains.list,2021-03-26 11:28:41.552848
8shnyu9zrfgzgglwe9ed.littlematchagirl.com.au,AVAILABILITY,domains.list,2021-03-26 11:28:42.545325
9bc0jymdlmwrsb0oam8h.littlematchagirl.com.au,AVAILABILITY,domains.list,2021-03-26 11:28:45.136859
9bec3c58e789e71439086f7af8b0d195.org,AVAILABILITY,domains.list,2021-03-26 11:28:45.829095
9bsemeihgubtuhdwqlt1.bosch-web-marketing.co.uk,AVAILABILITY,domains.list,2021-03-26 11:28:46.221124
9en.esses.ml,AVAILABILITY,domains.list,2021-03-26 11:28:47.952240
9oxigfyv1n.bradul.creatory.org,AVAILABILITY,domains.list,2021-03-26 11:28:50.786697
9pynxcohuls1qj8rkws5.businessrulesanalysis.com,AVAILABILITY,domains.list,2021-03-26 11:28:52.110032
9qwavrdjxnnvwtxywikj.littlematchagirl.com.au,AVAILABILITY,domains.list,2021-03-26 11:28:52.599071
9rojo.com.mx,AVAILABILITY,domains.list,2021-03-26 11:28:54.152103
9skpaunhpfwohojcznz5.littlematchagirl.com.au,AVAILABILITY,domains.list,2021-03-26 11:28:54.672817
10eurosbonheur.org,AVAILABILITY,domains.list,2021-03-26 11:28:56.899499
10g.com.tr,AVAILABILITY,domains.list,2021-03-26 11:28:58.267870
12account12.tk,AVAILABILITY,domains.list,2021-03-26 11:29:00.613690
12-limited.cf,AVAILABILITY,domains.list,2021-03-26 11:29:07.164101
12login12.gq,AVAILABILITY,domains.list,2021-03-26 11:29:09.439984
12zz.myjino.ru,AVAILABILITY,domains.list,2021-03-26 11:29:11.448393
14czda0-system.esy.es,AVAILABILITY,domains.list,2021-03-26 11:29:16.462268
14h.pw,AVAILABILITY,domains.list,2021-03-26 11:29:17.535882
17so.so,AVAILABILITY,domains.list,2021-03-26 11:29:19.912754
18dd.net,AVAILABILITY,domains.list,2021-03-26 11:29:20.808780
19degrees.org,AVAILABILITY,domains.list,2021-03-26 11:29:21.607772
23ud82.com,AVAILABILITY,domains.list,2021-03-26 11:29:22.882074
24bitex.su,AVAILABILITY,domains.list,2021-03-26 11:29:24.355103
24hinvestment.net,AVAILABILITY,domains.list,2021-03-26 11:29:24.849446
24newsoft.groupnowfree2stream.review,AVAILABILITY,domains.list,2021-03-26 11:29:26.344662
24online.goodsoft4winfastdownloadthisweek.bid,AVAILABILITY,domains.list,2021-03-26 11:29:26.967412
24onlineskyvideo.info,AVAILABILITY,domains.list,2021-03-26 11:29:27.485891
24option-scam.com,AVAILABILITY,domains.list,2021-03-26 11:29:27.958770
24pccheck.greatcontents2stablenows.win,AVAILABILITY,domains.list,2021-03-26 11:29:28.640903
24xiaz5ai.cn,AVAILABILITY,domains.list,2021-03-26 11:29:30.058549
28hf7513231-trader.com,AVAILABILITY,domains.list,2021-03-26 11:29:31.136821
029b3e8.netsolhost.com,AVAILABILITY,domains.list,2021-03-26 11:29:31.903131
30dayaffiliatechallenge.com,AVAILABILITY,domains.list,2021-03-26 11:29:32.409178
30horas-acesso.com,AVAILABILITY,domains.list,2021-03-26 11:29:32.866904
30horas-hostname.com,AVAILABILITY,domains.list,2021-03-26 11:29:33.259333
31qqww.com,AVAILABILITY,domains.list,2021-03-26 11:29:33.788229
33kkvv.com,AVAILABILITY,domains.list,2021-03-26 11:29:37.194761
33lzmm.com,AVAILABILITY,domains.list,2021-03-26 11:29:37.690121
36robots.com,AVAILABILITY,domains.list,2021-03-26 11:29:38.435228
44ccvv.com,AVAILABILITY,domains.list,2021-03-26 11:29:42.844929
44ever-go.cf,AVAILABILITY,domains.list,2021-03-26 11:29:50.843866
48wwuved42.ru,AVAILABILITY,domains.list,2021-03-26 11:29:52.570586
51hzmn.com,AVAILABILITY,domains.list,2021-03-26 11:29:53.512118
51jczxw.com,AVAILABILITY,domains.list,2021-03-26 11:29:54.024073
51mogui.com,AVAILABILITY,domains.list,2021-03-26 11:29:55.001239
52djcy.com,AVAILABILITY,domains.list,2021-03-26 11:29:57.237282
53ertt555.from-mn.com,AVAILABILITY,domains.list,2021-03-26 11:29:58.803952
54-ironbound-plowman.com,AVAILABILITY,domains.list,2021-03-26 11:29:59.448373
56clicks.com,AVAILABILITY,domains.list,2021-03-26 11:30:00.437057
57ab1.alarmandburglarsystems.com.au,AVAILABILITY,domains.list,2021-03-26 11:30:02.333848
60aalexandrastreetcom.domainstel.org,AVAILABILITY,domains.list,2021-03-26 11:30:03.749715
60l3j5wg.myutilitydomain.com,AVAILABILITY,domains.list,2021-03-26 11:30:04.648916
61gamei.com,AVAILABILITY,domains.list,2021-03-26 11:30:05.428031
66ml.in,AVAILABILITY,domains.list,2021-03-26 11:30:07.039569
71zijilu.com,AVAILABILITY,domains.list,2021-03-26 11:30:10.536766
77zhenia.net,AVAILABILITY,domains.list,2021-03-26 11:30:12.256994
90s.co.nz,AVAILABILITY,domains.list,2021-03-26 11:30:15.895344
99wsxzsa40.club,AVAILABILITY,domains.list,2021-03-26 11:30:18.781368
100jzyx.com,AVAILABILITY,domains.list,2021-03-26 11:30:19.471460
100sitehosting.com,AVAILABILITY,domains.list,2021-03-26 11:30:21.260165
101.boquan.net,AVAILABILITY,domains.list,2021-03-26 11:30:41.203273
101view.net,AVAILABILITY,domains.list,2021-03-26 11:30:42.186618
101wsxzsa1.club,AVAILABILITY,domains.list,2021-03-26 11:30:42.874584
114.sohenan.cn,AVAILABILITY,domains.list,2021-03-26 11:30:50.661185
121zzzzz.com,AVAILABILITY,domains.list,2021-03-26 11:30:51.844505
122uc.com,AVAILABILITY,domains.list,2021-03-26 11:30:52.405774
125jumeinv.com,AVAILABILITY,domains.list,2021-03-26 11:30:54.094980
138carillonavenue.com,AVAILABILITY,domains.list,2021-03-26 11:30:54.725591
166e61.com,AVAILABILITY,domains.list,2021-03-26 11:30:55.264702
173okwei.com,AVAILABILITY,domains.list,2021-03-26 11:30:55.991974
177momo.com,AVAILABILITY,domains.list,2021-03-26 11:30:56.648053
296f4h3wluqxmie0yqbk8n.littlematchagirl.com.au,AVAILABILITY,domains.list,2021-03-26 11:30:58.630078
318newportplace.com,AVAILABILITY,domains.list,2021-03-26 11:30:59.488972
332gm.com,AVAILABILITY,domains.list,2021-03-26 11:31:00.411108
36-5authfailures.gq,AVAILABILITY,domains.list,2021-03-26 11:31:02.805185
365chang.pw,AVAILABILITY,domains.list,2021-03-26 11:31:03.826206
366authenerror.ga,AVAILABILITY,domains.list,2021-03-26 11:31:07.164329
400cao.com,AVAILABILITY,domains.list,2021-03-26 11:31:08.481531
421drive.com,AVAILABILITY,domains.list,2021-03-26 11:31:10.469813
426-healthandbeauty.com-4us.net,AVAILABILITY,domains.list,2021-03-26 11:31:10.958314
555gm44.spwoilseal.com,AVAILABILITY,domains.list,2021-03-26 11:31:13.746554
567bbl.com,AVAILABILITY,domains.list,2021-03-26 11:31:14.439746
669-diet.com-swd.net,AVAILABILITY,domains.list,2021-03-26 11:31:15.931131
671-fitness.com-swd.net,AVAILABILITY,domains.list,2021-03-26 11:31:16.400857
672-healthandbeauty.com-t0p.net,AVAILABILITY,domains.list,2021-03-26 11:31:16.856247
676-fitness.com-4us.net,AVAILABILITY,domains.list,2021-03-26 11:31:17.239718
678-health.com-4us.net,AVAILABILITY,domains.list,2021-03-26 11:31:17.819528
695-weightloss.com-t0p.net,AVAILABILITY,domains.list,2021-03-26 11:31:18.327243
720movies.net,AVAILABILITY,domains.list,2021-03-26 11:31:19.249691
777mobileslots.com,AVAILABILITY,domains.list,2021-03-26 11:31:20.630894
856secom0.cc,AVAILABILITY,domains.list,2021-03-26 11:31:22.189554
898protrudesolve.com,AVAILABILITY,domains.list,2021-03-26 11:31:23.250333
901openyourmin4success.com,AVAILABILITY,domains.list,2021-03-26 11:31:24.553481
909.09023.31698.minijozveh.ir,AVAILABILITY,domains.list,2021-03-26 11:31:26.359119
911.sos-empleados.net,AVAILABILITY,domains.list,2021-03-26 11:31:26.811910
951-healthandbeauty.com-swd.net,AVAILABILITY,domains.list,2021-03-26 11:31:27.281842
995-health.com-4us.net,AVAILABILITY,domains.list,2021-03-26 11:31:28.329431
1000agres.pt,AVAILABILITY,domains.list,2021-03-26 11:31:29.685983
1000rupaiya.com,AVAILABILITY,domains.list,2021-03-26 11:31:30.514112
1347a8386f71e943.applecontactsq.xyz,AVAILABILITY,domains.list,2021-03-26 11:31:32.118298
1699.com.au,AVAILABILITY,domains.list,2021-03-26 11:31:47.136136
1860-nicaragua-banish.com,AVAILABILITY,domains.list,2021-03-26 11:31:48.031895
1962lawiah.esy.es,AVAILABILITY,domains.list,2021-03-26 11:31:50.263270
2006.psjc.org,AVAILABILITY,domains.list,2021-03-26 11:31:51.392371
2017cancel-stopactionnow.info,AVAILABILITY,domains.list,2021-03-26 11:31:52.133241
2018.zone,AVAILABILITY,domains.list,2021-03-26 11:31:52.927086
2018halkbank.com,AVAILABILITY,domains.list,2021-03-26 11:31:55.456830
2020closings.com,AVAILABILITY,domains.list,2021-03-26 11:31:55.984009
2346ytrew3.from-mn.com,AVAILABILITY,domains.list,2021-03-26 11:31:57.989856
3028a.alarmandburglarsystems.com.au,AVAILABILITY,domains.list,2021-03-26 11:31:59.728595
4074c4aeda7021213cf61ec23013085e.pw,AVAILABILITY,domains.list,2021-03-26 11:32:01.941293
5000ethereum.in,AVAILABILITY,domains.list,2021-03-26 11:32:04.047104
5689.nl,AVAILABILITY,domains.list,2021-03-26 11:32:05.888626
6666mn.com,AVAILABILITY,domains.list,2021-03-26 11:32:06.774180
12000.biz,AVAILABILITY,domains.list,2021-03-26 11:32:10.906292
15817.facebook.profilephdid.com,AVAILABILITY,domains.list,2021-03-26 11:32:11.782336
41907.gwtoys.cn,AVAILABILITY,domains.list,2021-03-26 11:32:12.945993
67511.prohoster.biz,AVAILABILITY,domains.list,2021-03-26 11:32:18.822763
67529.prohoster.biz,AVAILABILITY,domains.list,2021-03-26 11:32:20.048910
67535.prohoster.biz,AVAILABILITY,domains.list,2021-03-26 11:32:21.693510
67800.prohoster.biz,AVAILABILITY,domains.list,2021-03-26 11:32:23.046971
67864.prohoster.biz,AVAILABILITY,domains.list,2021-03-26 11:32:24.961108
68042.prohoster.biz,AVAILABILITY,domains.list,2021-03-26 11:32:26.255105
68127.prohoster.biz,AVAILABILITY,domains.list,2021-03-26 11:32:29.188449
68373.prohoster.biz,AVAILABILITY,domains.list,2021-03-26 11:32:30.462514
68729.prohoster.biz,AVAILABILITY,domains.list,2021-03-26 11:32:31.656703
68927.prohoster.biz,AVAILABILITY,domains.list,2021-03-26 11:32:32.873737
100000munkahely.hu,AVAILABILITY,domains.list,2021-03-26 11:32:37.192955
109070-deutschland-gast-angabe-nachweis.sicherheitshilfe-sicherheitssystem.tk,AVAILABILITY,domains.list,2021-03-26 11:32:39.069051
152321-co.umbler.net,AVAILABILITY,domains.list,2021-03-26 11:32:45.485587
206938-deu-prob-mitteilung-benutzer.vorbeugung-sicher.gq,AVAILABILITY,domains.list,2021-03-26 11:32:47.715293
261512.60731134x.cn,AVAILABILITY,domains.list,2021-03-26 11:32:48.662375
294064-germany-nutzung-sicher-validierung.sicherheitskontrolle.ga,AVAILABILITY,domains.list,2021-03-26 11:32:49.600848
299800-de-nutzung-mitteilung-benutzer.sicherheitshilfe-sicherheitssystem.ga,AVAILABILITY,domains.list,2021-03-26 11:32:51.674124
332818-de-prob-sicherheit-validierung.sicherheitshilfe-schutz.ml,AVAILABILITY,domains.list,2021-03-26 11:32:54.695388
367032-deu-storno-angabe-benutzer.sicherheitshilfe-schutz.ml,AVAILABILITY,domains.list,2021-03-26 11:32:56.895882
368493-deu-storno-mitteilung-nachweis.sicherheitssystem-sicherheitshilfe.cf,AVAILABILITY,domains.list,2021-03-26 11:32:58.618715
384242.799866074.cn,AVAILABILITY,domains.list,2021-03-26 11:33:00.570222
385223-deutschland-gast-mitteilung-account.service-paypal-info.ml,AVAILABILITY,domains.list,2021-03-26 11:33:02.650742
402428-de-storno-sicherheit-benutzer.vorkehrung-sicherheitssystem.ml,AVAILABILITY,domains.list,2021-03-26 11:33:05.168848
433348--gast-angabe-account.vorkehrung-sicherheitssystem.ml,AVAILABILITY,domains.list,2021-03-26 11:33:06.611438
445600-deutschland-verbraucher-sicher-nachweis.newsafe-trade.com,AVAILABILITY,domains.list,2021-03-26 11:33:07.139697
465663-deutschland-nutzung-sicher-benutzer.sicher-vorbeugung.tk,AVAILABILITY,domains.list,2021-03-26 11:33:10.422307
470032-de-gast-sicher-validierung.trade-verification-lite.com,AVAILABILITY,domains.list,2021-03-26 11:33:10.991867
496362-deutschland-nutzung-sicher-benutzer.vorkehrung-sicherheitssystem.cf,AVAILABILITY,domains.list,2021-03-26 11:33:12.727267
496812--gast-sicher-account.vorkehrung-sicherheitssystem.ml,AVAILABILITY,domains.list,2021-03-26 11:33:14.301232
521073--verbraucher-mitteilung-account.sicher-vorbeugung.tk,AVAILABILITY,domains.list,2021-03-26 11:33:16.152136
521686-de-verbraucher-kenntnis-benutzer.sicherheitsabwehr-hilfeservice-sicherheitshilfe.tk,AVAILABILITY,domains.list,2021-03-26 11:33:17.665907
529499-deu-gast-sicherheit-validierung.sicherheitssystem-sicherheitshilfe.ga,AVAILABILITY,domains.list,2021-03-26 11:33:19.510594
540591--nutzung-angabe-validierung.sicherheitshilfe-schutz.gq,AVAILABILITY,domains.list,2021-03-26 11:33:21.531580
570748-deutschland-verbraucher-mitteilung-validierung.sicherheitshilfe-schutz.ml,AVAILABILITY,domains.list,2021-03-26 11:33:24.504950
588222-germany-nutzung-mitteilung-nachweis.sicherheitssystem-sicherheitshilfe.gq,AVAILABILITY,domains.list,2021-03-26 11:33:26.244201
625491-deu-verbraucher-sicherheit-account.paypaldevelopment-system.top,AVAILABILITY,domains.list,2021-03-26 11:33:30.201950
633393--gast-kenntnis-benutzer.vorkehrung-sicherheitssystem.cf,AVAILABILITY,domains.list,2021-03-26 11:33:32.515794
649107-deu-gast-kenntnis-validierung.vorkehrung-sicherheitssystem.cf,AVAILABILITY,domains.list,2021-03-26 11:33:34.178326
696291--verbraucher-sicherheit-account.sicherheitsabfrage-sicher.gq,AVAILABILITY,domains.list,2021-03-26 11:33:36.214791
700135--nutzung-sicher-validierung.vorkehrung-sicherheitssystem.ml,AVAILABILITY,domains.list,2021-03-26 11:33:38.417229
709293-de-gast-sicher-benutzer.service-paypal-info.ml,AVAILABILITY,domains.list,2021-03-26 11:33:39.872606
744396-deu-prob-angabe-validierung.sicher-sicherheitsabfrage.ml,AVAILABILITY,domains.list,2021-03-26 11:33:42.139045
758161-deutschland-nutzung-mitteilung-account.vorkehrung.gq,AVAILABILITY,domains.list,2021-03-26 11:33:44.513476
758205-deu-nutzung-sicherheit-nachweis.sicherheitshilfe-schutz.cf,AVAILABILITY,domains.list,2021-03-26 11:33:45.440735
764895-de-verbraucher-mitteilung-account.sicherheitsvorbeugung.gq,AVAILABILITY,domains.list,2021-03-26 11:33:47.034944
773737-germany-nutzung-mitteilung-account.vorkehrung-sicherheitssystem.ml,AVAILABILITY,domains.list,2021-03-26 11:33:49.080652
840216-germany-verbraucher-kenntnis-benutzer.vorkehrung-sicherheitssystem.cf,AVAILABILITY,domains.list,2021-03-26 11:33:51.544442
884545gf.ahdaaf.org,AVAILABILITY,domains.list,2021-03-26 11:33:54.487765
910457-deu-prob-sicherheit-account.vorkehrung-sicherheitssystem.ml,AVAILABILITY,domains.list,2021-03-26 11:33:56.679650
954669-de-gast-sicherheit-account.sicherheitssystem-sicherheitshilfe.ga,AVAILABILITY,domains.list,2021-03-26 11:33:58.656105
987449-deu-prob-sicher-nachweis.sicher-vorbeugung.tk,AVAILABILITY,domains.list,2021-03-26 11:34:00.695047
1036560fsp.hol.es,AVAILABILITY,domains.list,2021-03-26 11:34:02.861141
1102350s.hol.es,AVAILABILITY,domains.list,2021-03-26 11:34:04.260271
3231198.com,AVAILABILITY,domains.list,2021-03-26 11:34:05.488833
5850777.ru,AVAILABILITY,domains.list,2021-03-26 11:34:07.485903
6002288.com,AVAILABILITY,domains.list,2021-03-26 11:34:08.122805
7765817.facebook.profilephdid.com,AVAILABILITY,domains.list,2021-03-26 11:34:08.699638
7798991.com,AVAILABILITY,domains.list,2021-03-26 11:34:09.259971
51156434.swh.strato-hosting.eu,AVAILABILITY,domains.list,2021-03-26 11:34:12.774528
60731134x.cn,AVAILABILITY,domains.list,2021-03-26 11:34:14.126452
100032351.hol.es,AVAILABILITY,domains.list,2021-03-26 11:34:15.986379
100033212k.hol.es,AVAILABILITY,domains.list,2021-03-26 11:34:17.639511
612045126.htmldrop.com,AVAILABILITY,domains.list,2021-03-26 11:34:18.415099
799866074.cn,AVAILABILITY,domains.list,2021-03-26 11:34:19.877878
1006565215.hol.es,AVAILABILITY,domains.list,2021-03-26 11:34:21.582835
4006692292.com,AVAILABILITY,domains.list,2021-03-26 11:34:22.178608
917899278545.myjino.ru,AVAILABILITY,domains.list,2021-03-26 11:34:27.147193
7647627462837.gq,AVAILABILITY,domains.list,2021-03-26 11:34:30.125452
18846846874646-verify.net,AVAILABILITY,domains.list,2021-03-26 11:34:30.637173
17567525724242400047ss7844577id40004546465465340522.cufflaw.com,AVAILABILITY,domains.list,2021-03-26 11:34:42.650938
a0liasoleadersrfectearchcustohihingnepelectione.com,AVAILABILITY,domains.list,2021-03-26 11:34:45.304131
a2yglass.com.my,AVAILABILITY,domains.list,2021-03-26 11:34:52.673806
a2zeeholidays.com,AVAILABILITY,domains.list,2021-03-26 11:34:53.475495
a.b.c.d.e.f.gwtoys.cn,AVAILABILITY,domains.list,2021-03-26 11:35:06.231708
a.b.c.d.e.gwtoys.cn,AVAILABILITY,domains.list,2021-03-26 11:35:07.356565
a.b.c.d.gwtoys.cn,AVAILABILITY,domains.list,2021-03-26 11:35:08.436414
a.bettiepageshoes.eu,AVAILABILITY,domains.list,2021-03-26 11:35:09.257085
a.cittainforma.com,AVAILABILITY,domains.list,2021-03-26 11:35:09.847560
a.cotonpasha.co.uk,AVAILABILITY,domains.list,2021-03-26 11:35:11.649954
a.cotonpasha.it,AVAILABILITY,domains.list,2021-03-26 11:35:13.769001
a.larcolaio.it,AVAILABILITY,domains.list,2021-03-26 11:35:16.195154
a.musiclegs.fr,AVAILABILITY,domains.list,2021-03-26 11:35:19.047134
a.namemilky.com,AVAILABILITY,domains.list,2021-03-26 11:35:20.124806
a.nt002.cn,AVAILABILITY,domains.list,2021-03-26 11:35:21.118429
a.oururl.bid,AVAILABILITY,domains.list,2021-03-26 11:35:22.150668
a.villeges.com,AVAILABILITY,domains.list,2021-03-26 11:35:22.779137
aa12111.top,AVAILABILITY,domains.list,2021-03-26 11:35:27.871030
aa.xqwqbg.com,AVAILABILITY,domains.list,2021-03-26 11:35:28.394777
aaa520.izlinix.com,AVAILABILITY,domains.list,2021-03-26 11:35:35.057957
aaaaaa.icfoscolosoverato.it,AVAILABILITY,domains.list,2021-03-26 11:35:37.177114
aaaopost.com,AVAILABILITY,domains.list,2021-03-26 11:35:37.652333
aaatewata.pw,AVAILABILITY,domains.list,2021-03-26 11:35:38.636850
aaaxqabiqgxxwczrx.com,AVAILABILITY,domains.list,2021-03-26 11:35:39.252948
aabhi.in,AVAILABILITY,domains.list,2021-03-26 11:35:40.290637
aabithub.com,AVAILABILITY,domains.list,2021-03-26 11:35:40.960855
aads.co.id,AVAILABILITY,domains.list,2021-03-26 11:35:44.123844
aafqgbgvabb.info,AVAILABILITY,domains.list,2021-03-26 11:35:45.144930
aakashgangarealtors.com,AVAILABILITY,domains.list,2021-03-26 11:35:45.972490
aakmanggalajogja.web.id,AVAILABILITY,domains.list,2021-03-26 11:35:48.480560
aawesomename.xyz,AVAILABILITY,domains.list,2021-03-26 11:35:52.630531
ab3xw6ui5q.aarpeerubber.com,AVAILABILITY,domains.list,2021-03-26 11:35:53.588745
ab.itbaribd.com,AVAILABILITY,domains.list,2021-03-26 11:35:54.274428
ababaloka.com,AVAILABILITY,domains.list,2021-03-26 11:35:54.943446
ababy.dragon.uaezvcvs.tk,AVAILABILITY,domains.list,2021-03-26 11:35:56.893273
a-bankieren.com,AVAILABILITY,domains.list,2021-03-26 11:35:58.079979
abc-check.com,AVAILABILITY,domains.list,2021-03-26 11:35:59.719242
abcdmorgans.ml,AVAILABILITY,domains.list,2021-03-26 11:36:02.839910
abconstructions.us,AVAILABILITY,domains.list,2021-03-26 11:36:04.462801
abdoufes.webstarterz.com,AVAILABILITY,domains.list,2021-03-26 11:36:07.656876
abeate.ml,AVAILABILITY,domains.list,2021-03-26 11:36:10.449615
abejaproducciones.com,AVAILABILITY,domains.list,2021-03-26 11:36:11.119673
abexerciserreviews.com,AVAILABILITY,domains.list,2021-03-26 11:36:12.172075
abfautos.net,AVAILABILITY,domains.list,2021-03-26 11:36:12.822587
abilitycorpsolutions.com,AVAILABILITY,domains.list,2021-03-26 11:36:14.429067
abingmanayon.us.kzpcmad.tk,AVAILABILITY,domains.list,2021-03-26 11:36:17.037123
abiride.com,AVAILABILITY,domains.list,2021-03-26 11:36:18.092658
ablelectronics.pw,AVAILABILITY,domains.list,2021-03-26 11:36:20.935524
abonne-mobilefree-fr.info,AVAILABILITY,domains.list,2021-03-26 11:36:22.908679
abonosvivos.net,AVAILABILITY,domains.list,2021-03-26 11:36:23.580862
aboukangaz.com,AVAILABILITY,domains.list,2021-03-26 11:36:24.900295
aboutsignis.com,AVAILABILITY,domains.list,2021-03-26 11:36:25.464414
abpmanpower.com,AVAILABILITY,domains.list,2021-03-26 11:36:26.071966
abrazadosporcristo.com,AVAILABILITY,domains.list,2021-03-26 11:36:26.922860
ab-reference-id-number-8697.epkphotography.com,AVAILABILITY,domains.list,2021-03-26 11:36:27.448870
abrfengineering.com,AVAILABILITY,domains.list,2021-03-26 11:36:28.064254
absabanking.igatha.com,AVAILABILITY,domains.list,2021-03-26 11:36:29.018602
absabankonline.whybrid.visioncare.biz,AVAILABILITY,domains.list,2021-03-26 11:36:29.898922
absop.academy,AVAILABILITY,domains.list,2021-03-26 11:36:31.323408
abtokisikaypas.com,AVAILABILITY,domains.list,2021-03-26 11:36:32.251825
abundantliferesources.in,AVAILABILITY,domains.list,2021-03-26 11:36:33.322509
abyzam.com,AVAILABILITY,domains.list,2021-03-26 11:36:33.914508
academiajuvenil.com,AVAILABILITY,domains.list,2021-03-26 11:36:35.788433
academicsys.top,AVAILABILITY,domains.list,2021-03-26 11:36:44.181061
acbookmacbookstoree.com,AVAILABILITY,domains.list,2021-03-26 11:36:45.461192
accaccessvalidation.com,AVAILABILITY,domains.list,2021-03-26 11:36:46.072211
acccountpage1222.confrimsuportfanpage9888.cf,AVAILABILITY,domains.list,2021-03-26 11:36:50.145701
acccount-req11s.regis-fanpage1.ml,AVAILABILITY,domains.list,2021-03-26 11:36:52.272104
acces.hub-login.com,AVAILABILITY,domains.list,2021-03-26 11:36:53.316940
accesd.desjard-validation.com,AVAILABILITY,domains.list,2021-03-26 11:36:53.830591
accesd.verification-desj.com,AVAILABILITY,domains.list,2021-03-26 11:36:54.317413
accesscitg-pb.com,AVAILABILITY,domains.list,2021-03-26 11:36:55.707061
accessdocument.info,AVAILABILITY,domains.list,2021-03-26 11:36:56.542922
accessinternetuserapp.gotdns.org,AVAILABILITY,domains.list,2021-03-26 11:36:58.178933
accessnat-wtb.com,AVAILABILITY,domains.list,2021-03-26 11:36:58.799872
accessonline.tk,AVAILABILITY,domains.list,2021-03-26 11:37:02.013988
accessrequired-fraudavoidance.com,AVAILABILITY,domains.list,2021-03-26 11:37:02.761570
accessuserinfosecureapp.is-found.org,AVAILABILITY,domains.list,2021-03-26 11:37:06.271239
acckkl.com,AVAILABILITY,domains.list,2021-03-26 11:37:08.003971
acclimites.net,AVAILABILITY,domains.list,2021-03-26 11:37:08.702295
acclimithelp.net,AVAILABILITY,domains.list,2021-03-26 11:37:09.294612
accnservice.net,AVAILABILITY,domains.list,2021-03-26 11:37:09.872074
accofellow.com,AVAILABILITY,domains.list,2021-03-26 11:37:10.433987
accommodatingbeauty.com,AVAILABILITY,domains.list,2021-03-26 11:37:10.979812
accoun1q.beget.tech,AVAILABILITY,domains.list,2021-03-26 11:37:15.176311
accounnk.beget.tech,AVAILABILITY,domains.list,2021-03-26 11:37:16.952702
accounsystemverificationppal.com,AVAILABILITY,domains.list,2021-03-26 11:37:17.552401
account1-limited-update.com,AVAILABILITY,domains.list,2021-03-26 11:37:18.016417
account1lmited.ga,AVAILABILITY,domains.list,2021-03-26 11:37:20.221551
account1ocked-secure-myverify.com,AVAILABILITY,domains.list,2021-03-26 11:37:20.737626
account4support.com,AVAILABILITY,domains.list,2021-03-26 11:37:21.495151
account.details.upgrade.helpdata.information.center.security.service.protection.ecospringsmelbourne.com,AVAILABILITY,domains.list,2021-03-26 11:37:47.990951
account.exactah.com,AVAILABILITY,domains.list,2021-03-26 11:37:48.471260
account.microsoft.login.secure.verification.online.001.027.039.sindibae.cl,AVAILABILITY,domains.list,2021-03-26 11:37:50.729056
account.personel-information.com,AVAILABILITY,domains.list,2021-03-26 11:37:54.584830
account.valide.checker.automatique.payverif.com,AVAILABILITY,domains.list,2021-03-26 11:37:55.138847
account-appleclub-information.com,AVAILABILITY,domains.list,2021-03-26 11:37:55.986696
account-cl.org,AVAILABILITY,domains.list,2021-03-26 11:37:59.153438
account-facebook-security.com,AVAILABILITY,domains.list,2021-03-26 11:37:59.680345
account-google-com.ngate.my,AVAILABILITY,domains.list,2021-03-26 11:38:12.645874
accountidhelponline.com,AVAILABILITY,domains.list,2021-03-26 11:38:13.201677
accountidinfo.com,AVAILABILITY,domains.list,2021-03-26 11:38:13.804037
accountidinfo.info,AVAILABILITY,domains.list,2021-03-26 11:38:14.394608
accountidlimit.com,AVAILABILITY,domains.list,2021-03-26 11:38:14.991277
accountidlimitinfoonline.com,AVAILABILITY,domains.list,2021-03-26 11:38:15.578312
accountid-secure-signin.com-service-userid-authentication.com,AVAILABILITY,domains.list,2021-03-26 11:38:16.043082
accountinc.site,AVAILABILITY,domains.list,2021-03-26 11:38:17.156716
accountinforamtions-secure-appleid.com,AVAILABILITY,domains.list,2021-03-26 11:38:17.669390
account-informations-support.info,AVAILABILITY,domains.list,2021-03-26 11:38:18.344602
accounting.ceramikaczary.pl,AVAILABILITY,domains.list,2021-03-26 11:38:33.562920
account-internal.info,AVAILABILITY,domains.list,2021-03-26 11:38:35.513145
account-joined.online,AVAILABILITY,domains.list,2021-03-26 11:38:36.320959
account-joins.online,AVAILABILITY,domains.list,2021-03-26 11:38:37.511200
accountjoins.org,AVAILABILITY,domains.list,2021-03-26 11:38:38.406993
account-limited1-update.online,AVAILABILITY,domains.list,2021-03-26 11:38:39.265375
account-limted-info.ml,AVAILABILITY,domains.list,2021-03-26 11:38:43.736325
account-limted-info.tk,AVAILABILITY,domains.list,2021-03-26 11:38:45.462609
account-limted-restro.gq,AVAILABILITY,domains.list,2021-03-26 11:38:47.536037
account-locked-service-information-update.com,AVAILABILITY,domains.list,2021-03-26 11:38:48.148498
account-login-apple-appleid.com,AVAILABILITY,domains.list,2021-03-26 11:38:48.610352
account-login-com.tication.re-secure-login-details.pathauth-auth.netgeoserversg.com,AVAILABILITY,domains.list,2021-03-26 11:38:49.045325
account-login-dashboard.account-resolvewebappsinc.com,AVAILABILITY,domains.list,2021-03-26 11:38:49.477168
account-loginx.com,AVAILABILITY,domains.list,2021-03-26 11:38:50.001831
account-recovery-information.com,AVAILABILITY,domains.list,2021-03-26 11:38:51.569061
account-resolvewebappsinc.com,AVAILABILITY,domains.list,2021-03-26 11:38:52.120073
account-restro-info.cf,AVAILABILITY,domains.list,2021-03-26 11:38:58.895879
account-restro-limted.cf,AVAILABILITY,domains.list,2021-03-26 11:39:06.424919
account-restro-limted.ml,AVAILABILITY,domains.list,2021-03-26 11:39:08.791669
accounts2133manageidverifywebappid.com,AVAILABILITY,domains.list,2021-03-26 11:39:09.547122
accounts.checking.capital-one.secur-e.infos.osbirigui.com.br,AVAILABILITY,domains.list,2021-03-26 11:39:12.309560
accounts.craigslist.org.svrrc.com,AVAILABILITY,domains.list,2021-03-26 11:39:12.917425
accounts.craigslist.org-securelogin.viewpostid8162-bmayeo-carsandtrucks.evamata.com,AVAILABILITY,domains.list,2021-03-26 11:39:13.539765
accounts.google.c0m.juhaszpiroska.hu,AVAILABILITY,domains.list,2021-03-26 11:39:14.847145
accounts.renewal-user.com,AVAILABILITY,domains.list,2021-03-26 11:39:15.339633
accounts-adlwords.info,AVAILABILITY,domains.list,2021-03-26 11:39:16.022859
accounts-adworlds.info,AVAILABILITY,domains.list,2021-03-26 11:39:17.107170
account-secure.support-service.shop,AVAILABILITY,domains.list,2021-03-26 11:39:23.747877
account-security-confirmation-sms.wfb-contact.xyz,AVAILABILITY,domains.list,2021-03-26 11:39:30.419632
account-security-information.usabpoinc.com,AVAILABILITY,domains.list,2021-03-26 11:39:41.577878
accountsefty.net,AVAILABILITY,domains.list,2021-03-26 11:39:42.404374
account-serivce.com,AVAILABILITY,domains.list,2021-03-26 11:39:43.310823
account-service-information.com,AVAILABILITY,domains.list,2021-03-26 11:39:43.831009
account-service-update.com,AVAILABILITY,domains.list,2021-03-26 11:39:44.346476
accountsglenbrook225.org,AVAILABILITY,domains.list,2021-03-26 11:39:46.888088
accounts-joined.online,AVAILABILITY,domains.list,2021-03-26 11:39:48.074632
accounts-limitations-update.com,AVAILABILITY,domains.list,2021-03-26 11:39:48.549002
accountsmages.dotcloudapp.com,AVAILABILITY,domains.list,2021-03-26 11:39:50.048541
account-storesrer.com,AVAILABILITY,domains.list,2021-03-26 11:39:50.821477
account-summary-update.info,AVAILABILITY,domains.list,2021-03-26 11:39:51.510307
accounts-updates-link.com,AVAILABILITY,domains.list,2021-03-26 11:39:52.252682
account-suspend-order.com,AVAILABILITY,domains.list,2021-03-26 11:39:53.302819
accounts-verification.xyz,AVAILABILITY,domains.list,2021-03-26 11:39:54.436818
accountsw-adwordse.info,AVAILABILITY,domains.list,2021-03-26 11:39:55.029953
account-update0013.tk,AVAILABILITY,domains.list,2021-03-26 11:39:57.101370
accountupdate.ltd,AVAILABILITY,domains.list,2021-03-26 11:39:58.171417
accountupdate-information-security-access.com,AVAILABILITY,domains.list,2021-03-26 11:39:58.805374
account-validation.services,AVAILABILITY,domains.list,2021-03-26 11:40:00.311754
account-validation.top,AVAILABILITY,domains.list,2021-03-26 11:40:07.020853
account-verfication.tk,AVAILABILITY,domains.list,2021-03-26 11:40:08.934496
account-verifier-now.howtovideomarketing.com,AVAILABILITY,domains.list,2021-03-26 11:40:09.960960
accountverify.gq,AVAILABILITY,domains.list,2021-03-26 11:40:11.906991
accountwrinformatioane.info,AVAILABILITY,domains.list,2021-03-26 11:40:13.020386
accou-support.tech,AVAILABILITY,domains.list,2021-03-26 11:40:19.031684
acc-service-center.online,AVAILABILITY,domains.list,2021-03-26 11:40:19.949328
acc-service-info.nu,AVAILABILITY,domains.list,2021-03-26 11:40:21.287920
accs-service-support.biz,AVAILABILITY,domains.list,2021-03-26 11:40:21.942155
acc-supportera.de,AVAILABILITY,domains.list,2021-03-26 11:40:23.306610
